{"type":"FeatureCollection","source":"https://raw.githubusercontent.com/nvkelso/natural-earth-vector/master/geojson/ne_50m_admin_0_countries.geojson","license":"Natural Earth public domain","features":[{"type":"Feature","properties":{"name":"Turkey","turkey":true},"geometry":{"type":"MultiPolygon","coordinates":[[[[25.97002,40.136328],[25.740234,40.105469],[25.668945,40.135889],[25.740918,40.196289],[25.874805,40.233691],[25.918359,40.237988],[25.977051,40.177832],[25.97002,40.136328]]],[[[41.510059,41.51748],[41.576563,41.497314],[41.701758,41.471582],[41.779395,41.440527],[41.823535,41.432373],[41.925781,41.495654],[42.077734,41.494092],[42.211133,41.486719],[42.27998,41.475],[42.364355,41.454004],[42.466406,41.439844],[42.50791,41.470068],[42.567383,41.559277],[42.59043,41.570703],[42.606836,41.578809],[42.682422,41.585742],[42.754102,41.578906],[42.787891,41.563721],[42.82168,41.492383],[42.906738,41.466846],[43.057129,41.352832],[43.149023,41.307129],[43.171289,41.287939],[43.141016,41.264844],[43.152832,41.236426],[43.205469,41.19917],[43.279297,41.185205],[43.358984,41.190137],[43.402344,41.176562],[43.433398,41.155518],[43.441602,41.125977],[43.439453,41.107129],[43.455273,41.064697],[43.51748,41.004834],[43.591699,40.968213],[43.631641,40.929004],[43.696484,40.794141],[43.722656,40.719531],[43.712891,40.647754],[43.667871,40.574072],[43.569336,40.482373],[43.59375,40.444043],[43.61582,40.393311],[43.608398,40.356592],[43.678125,40.239307],[43.709863,40.166504],[43.683301,40.149658],[43.666211,40.126367],[43.791699,40.070264],[43.941992,40.023145],[44.005371,40.014111],[44.178027,40.035742],[44.289258,40.040381],[44.399609,39.995752],[44.560449,39.887598],[44.733789,39.746484],[44.768262,39.703516],[44.783398,39.684668],[44.817188,39.650439],[44.782129,39.651074],[44.725,39.681738],[44.587109,39.768555],[44.516699,39.73125],[44.455957,39.666748],[44.389355,39.422119],[44.335449,39.396045],[44.24043,39.396777],[44.124023,39.405225],[44.043945,39.392969],[44.023242,39.377441],[44.033789,39.351025],[44.05752,39.31084],[44.074316,39.259961],[44.079102,39.218311],[44.121289,39.180615],[44.178027,39.144824],[44.180566,39.108057],[44.171875,39.05625],[44.158789,39.016748],[44.144531,38.994385],[44.170801,38.934375],[44.232422,38.863232],[44.27168,38.836035],[44.257031,38.700635],[44.280176,38.640674],[44.297852,38.557812],[44.29082,38.420117],[44.298535,38.386279],[44.319629,38.374707],[44.375781,38.36958],[44.430859,38.356787],[44.449902,38.334229],[44.449609,38.317773],[44.380859,38.25459],[44.372754,38.209717],[44.348926,38.146484],[44.329395,38.109277],[44.267969,38.038818],[44.228906,37.967187],[44.211328,37.908057],[44.222949,37.880176],[44.33623,37.871777],[44.397754,37.829248],[44.56123,37.744629],[44.589941,37.710352],[44.545313,37.658154],[44.546094,37.636328],[44.567188,37.608643],[44.577148,37.560205],[44.573145,37.506396],[44.574023,37.4354],[44.604102,37.42373],[44.715137,37.357129],[44.794141,37.290381],[44.796777,37.269775],[44.758301,37.21709],[44.766699,37.156348],[44.765137,37.142432],[44.730957,37.165283],[44.669336,37.173584],[44.605957,37.176025],[44.566016,37.158252],[44.495996,37.110547],[44.401953,37.058496],[44.325586,37.010742],[44.281836,36.978027],[44.245703,36.983301],[44.21748,37.011865],[44.20166,37.051807],[44.208398,37.202637],[44.191797,37.249854],[44.15625,37.282959],[44.114453,37.301855],[44.064648,37.312451],[44.013184,37.313525],[43.940039,37.269287],[43.836426,37.223535],[43.675781,37.227246],[43.567969,37.23584],[43.51582,37.244531],[43.306738,37.314648],[43.263086,37.316504],[43.185156,37.344873],[43.09248,37.367383],[42.936621,37.324756],[42.869141,37.334912],[42.774609,37.371875],[42.741113,37.361914],[42.635449,37.249268],[42.455859,37.128711],[42.358984,37.108594],[42.312891,37.22959],[42.268555,37.276562],[42.247559,37.282227],[42.202734,37.297266],[42.167871,37.288623],[42.059863,37.206055],[41.886816,37.156396],[41.743555,37.126123],[41.515527,37.08916],[41.339551,37.070801],[41.264648,37.069336],[41.102148,37.085889],[40.958887,37.10918],[40.815625,37.108154],[40.705664,37.097705],[40.450391,37.008887],[40.016406,36.826074],[39.686523,36.738623],[39.501465,36.702246],[39.356641,36.681592],[39.108398,36.680566],[38.906445,36.694678],[38.766602,36.693115],[38.688867,36.715088],[38.578027,36.789111],[38.44375,36.862256],[38.383984,36.879248],[38.305859,36.893359],[38.191699,36.901562],[37.906641,36.794629],[37.817969,36.765576],[37.720313,36.743701],[37.523535,36.67832],[37.436328,36.643311],[37.327051,36.646582],[37.187402,36.655908],[37.066211,36.652637],[36.985352,36.702393],[36.941797,36.758398],[36.776563,36.792676],[36.658594,36.802539],[36.628418,36.777686],[36.596875,36.701367],[36.54668,36.506348],[36.5375,36.457422],[36.641406,36.263525],[36.636719,36.233984],[36.562402,36.223926],[36.477051,36.220703],[36.421484,36.203467],[36.375391,36.17124],[36.347559,36.003516],[36.248828,35.972705],[36.201953,35.937549],[36.153613,35.833887],[36.127344,35.831445],[35.967578,35.910059],[35.892676,35.916553],[35.956934,35.998145],[35.887109,36.159082],[35.810938,36.309863],[35.882812,36.406348],[36.031738,36.522705],[36.188477,36.658984],[36.188184,36.743066],[36.180078,36.807227],[36.135156,36.851611],[36.048926,36.910596],[35.90459,36.847607],[35.801563,36.778076],[35.734277,36.763965],[35.661133,36.724316],[35.625586,36.652783],[35.537402,36.597021],[35.393164,36.575195],[35.176172,36.634863],[34.943164,36.725684],[34.81123,36.799268],[34.703613,36.816797],[34.601367,36.784473],[34.299609,36.604199],[34.023438,36.340771],[33.954883,36.295215],[33.694727,36.181982],[33.522754,36.143994],[33.441797,36.152832],[33.099512,36.102979],[32.929492,36.095703],[32.794824,36.035889],[32.533789,36.100732],[32.377734,36.183643],[32.283789,36.267871],[32.130566,36.449121],[32.021973,36.535303],[31.77793,36.612793],[31.352539,36.801074],[31.240625,36.821729],[30.950293,36.848682],[30.644043,36.865674],[30.582031,36.797168],[30.558496,36.52583],[30.506055,36.451123],[30.483594,36.3104],[30.446094,36.269873],[30.387305,36.243262],[30.29541,36.287695],[30.231641,36.307324],[30.083203,36.249365],[29.789258,36.168066],[29.689063,36.156689],[29.34834,36.258838],[29.223633,36.324463],[29.143262,36.397217],[29.116113,36.520117],[29.065527,36.590088],[29.058105,36.638135],[29.038281,36.693457],[28.969629,36.715332],[28.895898,36.673584],[28.816895,36.675293],[28.717676,36.700879],[28.483594,36.803809],[28.303711,36.811963],[28.195605,36.686328],[28.111523,36.646387],[28.019434,36.634473],[28.01416,36.670215],[28.083984,36.751465],[27.803809,36.736475],[27.655859,36.674609],[27.54043,36.684229],[27.453906,36.712158],[27.466895,36.746338],[27.554688,36.758887],[27.630859,36.78667],[27.934473,36.809277],[28.005371,36.831982],[28.083008,36.920264],[28.224414,36.996387],[28.242383,37.029053],[28.133691,37.029492],[27.668359,37.007422],[27.348926,37.01958],[27.311035,36.981885],[27.262988,36.976562],[27.249707,37.07915],[27.300195,37.126855],[27.368164,37.122412],[27.535059,37.163867],[27.520117,37.249121],[27.400586,37.306738],[27.37627,37.340723],[27.289551,37.348682],[27.219238,37.38916],[27.203906,37.491406],[27.147949,37.603613],[27.067969,37.65791],[27.077832,37.687695],[27.224414,37.725439],[27.254785,37.882324],[27.232422,37.978662],[27.158691,37.986865],[26.943848,38.062891],[26.878613,38.054785],[26.807422,38.13833],[26.682813,38.19834],[26.621094,38.176367],[26.582422,38.149268],[26.524707,38.162256],[26.42793,38.214355],[26.33291,38.24248],[26.290723,38.277197],[26.343652,38.370068],[26.416406,38.367871],[26.429688,38.440625],[26.372266,38.561914],[26.377832,38.62417],[26.441309,38.641211],[26.513574,38.629492],[26.586523,38.557031],[26.610352,38.486914],[26.59502,38.418604],[26.641309,38.352441],[26.674219,38.335742],[26.696387,38.405371],[26.727344,38.418604],[26.769922,38.388184],[26.861426,38.372949],[27.098633,38.415723],[27.144238,38.451953],[26.97041,38.447852],[26.906836,38.481738],[26.837793,38.557568],[26.795313,38.626416],[26.787695,38.660205],[26.763672,38.709619],[26.790137,38.736084],[26.90918,38.775781],[27.013672,38.886865],[26.970117,38.919043],[26.920313,38.934229],[26.866211,38.922949],[26.814941,38.960986],[26.808301,39.013916],[26.849316,39.056738],[26.853613,39.115625],[26.719336,39.260645],[26.681836,39.292236],[26.710742,39.339648],[26.813281,39.419043],[26.910938,39.517334],[26.899219,39.549658],[26.827051,39.562891],[26.484082,39.520703],[26.350781,39.484082],[26.113086,39.467383],[26.095996,39.520801],[26.101367,39.568945],[26.154688,39.656641],[26.149805,39.872852],[26.181348,39.990088],[26.313379,40.025],[26.475391,40.197266],[26.738086,40.400244],[27.012109,40.396338],[27.12168,40.452344],[27.28457,40.455615],[27.31416,40.414893],[27.332617,40.375928],[27.475586,40.319922],[27.728027,40.328809],[27.789355,40.350879],[27.848535,40.381738],[27.731836,40.481494],[27.769141,40.509619],[27.874902,40.512939],[27.989551,40.489453],[27.994824,40.466602],[27.964355,40.435303],[27.928906,40.38042],[27.962598,40.369873],[28.289062,40.403027],[28.630273,40.376465],[28.738867,40.390869],[29.007129,40.389746],[29.055176,40.42417],[28.974023,40.467383],[28.894629,40.482422],[28.841211,40.503467],[28.787891,40.534033],[28.958008,40.630566],[29.054102,40.649121],[29.507617,40.708398],[29.844922,40.738086],[29.849219,40.760107],[29.800586,40.760156],[29.364746,40.809277],[29.259766,40.847314],[29.113867,40.937842],[29.082227,40.963428],[29.045508,41.007568],[29.067383,41.10166],[29.094336,41.177246],[29.148145,41.221045],[29.322266,41.227734],[29.919336,41.15083],[30.344922,41.196924],[30.810059,41.084863],[31.254883,41.107617],[31.34668,41.15791],[31.458008,41.32002],[32.086426,41.589209],[32.306445,41.72959],[32.542188,41.806396],[32.94668,41.891748],[33.284766,42.00459],[33.381348,42.017578],[34.192969,41.963672],[34.750488,41.956836],[35.006445,42.063281],[35.154883,42.027539],[35.141016,41.989502],[35.114063,41.956982],[35.12207,41.891113],[35.20918,41.794385],[35.297754,41.728516],[35.558008,41.634033],[35.919824,41.713721],[35.978125,41.704834],[36.051758,41.682568],[36.179199,41.426562],[36.278418,41.336133],[36.405371,41.274609],[36.509668,41.2625],[36.587109,41.32666],[36.64707,41.352539],[36.777734,41.363477],[36.991992,41.275391],[37.066211,41.184424],[37.430957,41.114111],[37.765625,41.078906],[37.910059,41.001904],[38.381055,40.924512],[38.556934,40.936523],[38.852148,41.017676],[39.426367,41.106445],[39.80791,40.98252],[39.911133,40.966455],[40.000195,40.977148],[40.128418,40.943018],[40.265234,40.961328],[40.6875,41.107422],[40.819531,41.190234],[40.959473,41.211621],[41.083594,41.261182],[41.414355,41.423633],[41.510059,41.51748]]],[[[28.014453,41.969043],[27.987305,41.854883],[28.050293,41.72915],[28.197852,41.554492],[28.346387,41.466357],[28.946777,41.248389],[29.057227,41.229736],[29.032129,41.140479],[28.995996,41.061133],[28.95625,41.008203],[28.780371,40.97417],[28.294922,41.071484],[28.172168,41.080713],[28.085547,41.061328],[27.925195,40.990576],[27.747363,41.013281],[27.499414,40.973145],[27.430176,40.839941],[27.258008,40.687354],[26.974609,40.564014],[26.77207,40.498047],[26.467969,40.261475],[26.32998,40.123389],[26.271777,40.096582],[26.202734,40.075391],[26.225977,40.141699],[26.260156,40.202393],[26.252344,40.248145],[26.253809,40.314697],[26.355273,40.390234],[26.447461,40.44502],[26.720313,40.544238],[26.79209,40.626611],[26.578125,40.624658],[26.360938,40.606348],[26.224219,40.618066],[26.105469,40.611328],[26.067773,40.683398],[26.038965,40.726758],[26.069727,40.740283],[26.10918,40.749658],[26.178906,40.826514],[26.241211,40.883203],[26.331055,40.954492],[26.354102,40.99707],[26.354102,41.036768],[26.332617,41.064307],[26.328418,41.097021],[26.325684,41.143262],[26.330664,41.23877],[26.536426,41.343115],[26.602344,41.35415],[26.624902,41.401758],[26.609766,41.512158],[26.581348,41.60127],[26.544531,41.607227],[26.49502,41.633252],[26.4625,41.663379],[26.410547,41.696338],[26.320898,41.716553],[26.317969,41.744678],[26.327246,41.772803],[26.360352,41.801562],[26.511426,41.826367],[26.529297,41.84668],[26.549707,41.896729],[26.579688,41.947949],[26.615332,41.964893],[26.679199,41.96333],[26.800391,41.975146],[26.884863,41.991846],[26.96875,42.026855],[27.011719,42.058643],[27.193359,42.0771],[27.244336,42.093262],[27.294922,42.079541],[27.362891,42.025049],[27.474805,41.946875],[27.534863,41.920801],[27.579883,41.93291],[27.661133,41.961328],[27.738867,41.961523],[27.80166,41.956543],[27.831934,41.981299],[27.879199,41.986621],[28.014453,41.969043]]]]}},{"type":"Feature","properties":{"name":"Syria","turkey":false},"geometry":{"type":"MultiPolygon","coordinates":[[[[35.892676,35.916553],[35.967578,35.910059],[36.127344,35.831445],[36.153613,35.833887],[36.201953,35.937549],[36.248828,35.972705],[36.347559,36.003516],[36.375391,36.17124],[36.421484,36.203467],[36.477051,36.220703],[36.562402,36.223926],[36.636719,36.233984],[36.641406,36.263525],[36.5375,36.457422],[36.54668,36.506348],[36.596875,36.701367],[36.628418,36.777686],[36.658594,36.802539],[36.776563,36.792676],[36.941797,36.758398],[36.985352,36.702393],[37.066211,36.652637],[37.187402,36.655908],[37.327051,36.646582],[37.436328,36.643311],[37.523535,36.67832],[37.720313,36.743701],[37.817969,36.765576],[37.906641,36.794629],[38.191699,36.901562],[38.305859,36.893359],[38.383984,36.879248],[38.44375,36.862256],[38.578027,36.789111],[38.688867,36.715088],[38.766602,36.693115],[38.906445,36.694678],[39.108398,36.680566],[39.356641,36.681592],[39.501465,36.702246],[39.686523,36.738623],[40.016406,36.826074],[40.450391,37.008887],[40.705664,37.097705],[40.815625,37.108154],[40.958887,37.10918],[41.102148,37.085889],[41.264648,37.069336],[41.339551,37.070801],[41.515527,37.08916],[41.743555,37.126123],[41.886816,37.156396],[42.059863,37.206055],[42.167871,37.288623],[42.202734,37.297266],[42.247559,37.282227],[42.268555,37.276562],[42.312891,37.22959],[42.358984,37.108594],[42.359082,37.09502],[42.350098,37.060596],[42.237305,36.961133],[42.083984,36.826025],[41.974023,36.74082],[41.788574,36.597168],[41.650195,36.566406],[41.416797,36.514648],[41.354199,36.464404],[41.295996,36.38335],[41.261816,36.272461],[41.251758,36.203027],[41.245605,36.073389],[41.300195,35.938965],[41.352637,35.809961],[41.359375,35.724609],[41.354102,35.64043],[41.30332,35.550635],[41.24834,35.42749],[41.216406,35.288184],[41.199609,35.027393],[41.199219,34.805322],[41.194727,34.768994],[41.099023,34.612305],[40.987012,34.429053],[40.935059,34.386572],[40.689453,34.332031],[40.421484,34.197754],[40.121973,34.047656],[39.85,33.911377],[39.564453,33.768359],[39.268359,33.62002],[39.056738,33.514014],[38.773535,33.372217],[38.515625,33.236621],[38.254297,33.099219],[38.055762,32.994873],[37.754102,32.829834],[37.577441,32.733057],[37.317578,32.590771],[37.088965,32.465527],[36.818359,32.317285],[36.479199,32.361328],[36.37207,32.386914],[36.284277,32.457471],[36.219727,32.495117],[36.059473,32.533789],[35.956445,32.666699],[35.894727,32.71377],[35.787305,32.734912],[35.833283,32.820094],[35.841863,32.875954],[35.887977,32.944379],[35.859022,32.989367],[35.84508,33.084665],[35.824704,33.108024],[35.817197,33.133173],[35.833283,33.163702],[35.826849,33.195117],[35.808618,33.208577],[35.800038,33.256121],[35.785024,33.291089],[35.792531,33.334107],[35.816125,33.361879],[35.840738,33.415661],[35.869141,33.431738],[35.914746,33.465381],[35.926563,33.500293],[35.967578,33.53457],[36.022266,33.5625],[36.034473,33.585059],[36.02666,33.597949],[35.97168,33.623096],[35.942383,33.667578],[35.968457,33.732422],[35.986133,33.752637],[36.018848,33.783936],[36.092188,33.831592],[36.149805,33.839502],[36.199414,33.839551],[36.283398,33.835596],[36.348535,33.827051],[36.365039,33.839355],[36.362793,33.855127],[36.282227,33.894189],[36.277832,33.925293],[36.297852,33.958643],[36.354883,34.011328],[36.422852,34.049854],[36.45752,34.056836],[36.535156,34.134326],[36.584961,34.22124],[36.504395,34.432373],[36.455566,34.466162],[36.376465,34.495166],[36.329883,34.499609],[36.32627,34.51333],[36.388672,34.566895],[36.433008,34.613477],[36.383887,34.65791],[36.296289,34.678711],[36.263574,34.632861],[36.151074,34.628613],[35.97627,34.629199],[35.899316,34.8521],[35.887891,34.948633],[35.889941,35.060303],[35.943066,35.223828],[35.918066,35.299512],[35.916016,35.350537],[35.902441,35.420703],[35.764453,35.571582],[35.839648,35.849219],[35.892676,35.916553]]]]}},{"type":"Feature","properties":{"name":"Russia","turkey":false},"geometry":{"type":"MultiPolygon","coordinates":[[[[130.687305,42.302539],[130.658008,42.327783],[130.651563,42.37251],[130.617969,42.415625],[130.554102,42.474707],[130.526953,42.5354],[130.584473,42.567334],[130.576563,42.623242],[130.520605,42.674316],[130.439258,42.685547],[130.419922,42.699854],[130.424805,42.727051],[130.452734,42.75542],[130.492969,42.779102],[130.577246,42.811621],[130.722461,42.83584],[130.80332,42.856836],[130.868555,42.86333],[130.942871,42.851758],[131.005566,42.883105],[131.068555,42.902246],[131.083496,42.956299],[131.086133,43.038086],[131.108984,43.062451],[131.135547,43.097607],[131.175586,43.142187],[131.211914,43.257764],[131.239355,43.337646],[131.257324,43.378076],[131.261816,43.433057],[131.243945,43.469043],[131.20918,43.49043],[131.182422,43.505566],[131.180078,43.56709],[131.183594,43.650879],[131.174219,43.704736],[131.213281,44.00293],[131.255273,44.071582],[131.125781,44.469189],[131.086914,44.595654],[131.060645,44.659668],[131.003906,44.753223],[130.967773,44.799951],[130.981641,44.844336],[131.033008,44.888867],[131.082324,44.91001],[131.22793,44.920166],[131.268262,44.936133],[131.446875,44.984033],[131.4875,45.013135],[131.578711,45.083643],[131.613965,45.136572],[131.654004,45.205371],[131.74209,45.242627],[131.794922,45.305273],[131.851855,45.326855],[131.909277,45.27373],[131.977539,45.243994],[132.067383,45.225977],[132.181348,45.203271],[132.362988,45.159961],[132.549023,45.122803],[132.665625,45.093701],[132.723145,45.080566],[132.838672,45.061133],[132.88877,45.046045],[132.936035,45.029932],[133.011719,45.074561],[133.113477,45.130713],[133.096875,45.220459],[133.113379,45.321436],[133.186035,45.494824],[133.266992,45.545264],[133.30957,45.553076],[133.355469,45.572217],[133.436426,45.604687],[133.465625,45.651221],[133.449121,45.705078],[133.475781,45.757666],[133.484668,45.810449],[133.513086,45.878809],[133.551172,45.897803],[133.608008,45.920312],[133.647852,45.955225],[133.685742,46.008936],[133.711133,46.069629],[133.700684,46.139746],[133.750195,46.185937],[133.832813,46.224268],[133.861328,46.247754],[133.874805,46.309082],[133.880273,46.336035],[133.902734,46.366943],[133.886719,46.430566],[133.866602,46.499121],[133.95752,46.614258],[134.022656,46.713184],[134.038574,46.858154],[134.045996,46.881982],[134.071387,46.950781],[134.086426,46.978125],[134.136914,47.068994],[134.202148,47.128076],[134.189258,47.194238],[134.162988,47.25874],[134.167676,47.302197],[134.225195,47.352637],[134.260059,47.377734],[134.29082,47.413574],[134.339453,47.429492],[134.38252,47.438232],[134.483496,47.447363],[134.541895,47.485156],[134.596191,47.523877],[134.695801,47.624854],[134.728125,47.684473],[134.752344,47.71543],[134.698633,47.801416],[134.650293,47.874268],[134.591309,47.975195],[134.566016,48.02251],[134.605371,48.08291],[134.647266,48.120166],[134.669336,48.15332],[134.680859,48.210449],[134.665234,48.253906],[134.563574,48.321729],[134.456152,48.355322],[134.334961,48.368848],[134.293359,48.373437],[134.205859,48.359912],[133.842188,48.27373],[133.671777,48.207715],[133.573242,48.133008],[133.468359,48.097168],[133.301172,48.101514],[133.144043,48.105664],[133.020117,48.064404],[132.877148,47.979102],[132.772852,47.940088],[132.707227,47.947266],[132.636914,47.890088],[132.561914,47.768506],[132.47627,47.71499],[132.380176,47.729492],[132.149805,47.717969],[131.785254,47.680518],[131.556738,47.682031],[131.464258,47.722607],[131.319336,47.727832],[131.121875,47.697656],[131.002734,47.691455],[130.961914,47.709326],[130.932813,47.759814],[130.91543,47.84292],[130.848633,47.929443],[130.732617,48.019238],[130.712109,48.127637],[130.787207,48.25459],[130.804297,48.341504],[130.763477,48.388428],[130.746875,48.430371],[130.65918,48.483398],[130.597266,48.574658],[130.552148,48.60249],[130.565625,48.680127],[130.617188,48.773193],[130.553125,48.861182],[130.355273,48.866357],[130.195996,48.89165],[130.037109,48.972266],[129.792578,49.198877],[129.671094,49.278516],[129.591406,49.28667],[129.533691,49.323437],[129.498145,49.388818],[129.440723,49.389453],[129.384668,49.389453],[129.350098,49.362354],[129.309863,49.353857],[129.248438,49.378662],[129.185156,49.381396],[129.120117,49.362061],[129.065137,49.374658],[129.020313,49.419238],[128.938281,49.448926],[128.819336,49.46377],[128.770313,49.494727],[128.791016,49.541846],[128.769043,49.576953],[128.704004,49.600146],[128.526758,49.594238],[128.237109,49.559277],[127.999609,49.568604],[127.814258,49.622119],[127.711133,49.671533],[127.690137,49.716748],[127.636719,49.760205],[127.550781,49.801807],[127.502441,49.873437],[127.491797,49.975049],[127.512305,50.07168],[127.590234,50.208984],[127.395313,50.298584],[127.337207,50.350146],[127.351172,50.393604],[127.34082,50.428076],[127.306055,50.453516],[127.308203,50.494189],[127.347168,50.550098],[127.346875,50.621338],[127.307031,50.707959],[127.198242,50.829443],[127.02041,50.985889],[126.924805,51.100146],[126.911523,51.172314],[126.887695,51.230127],[126.854395,51.261377],[126.833789,51.314893],[126.847754,51.37417],[126.827344,51.412256],[126.801758,51.448047],[126.805469,51.505664],[126.774512,51.545068],[126.70918,51.566309],[126.688672,51.609912],[126.700781,51.703027],[126.653711,51.781299],[126.510547,51.92583],[126.468066,52.031299],[126.455566,52.126465],[126.394824,52.172998],[126.391504,52.214502],[126.383496,52.286523],[126.346289,52.30625],[126.324219,52.331641],[126.341699,52.362012],[126.312891,52.399756],[126.237598,52.444824],[126.20293,52.483838],[126.194434,52.519141],[126.156641,52.546631],[126.045898,52.57334],[126.016016,52.610205],[126.023242,52.643018],[126.04707,52.673486],[126.060156,52.691992],[126.056055,52.715869],[126.048145,52.739453],[126.004297,52.767871],[125.941602,52.800684],[125.871875,52.871533],[125.782813,52.890723],[125.728125,52.890723],[125.680762,52.930811],[125.695312,52.956299],[125.691699,53.003711],[125.649023,53.042285],[125.595996,53.057471],[125.545996,53.047607],[125.422461,53.08374],[125.225586,53.16582],[125.075,53.203662],[124.970898,53.197314],[124.906641,53.172656],[124.882129,53.129736],[124.812305,53.133838],[124.639844,53.210645],[124.465918,53.229639],[124.369141,53.270947],[124.291406,53.340869],[124.219922,53.370117],[124.154297,53.358691],[123.994727,53.405615],[123.740918,53.510986],[123.607813,53.546533],[123.559766,53.52666],[123.534766,53.526465],[123.489453,53.529443],[123.424023,53.530762],[123.30957,53.555615],[123.154102,53.54458],[122.957617,53.497705],[122.744727,53.468506],[122.51582,53.456982],[122.380176,53.4625],[122.337793,53.48501],[122.088867,53.451465],[121.743945,53.383594],[121.405469,53.317041],[120.985449,53.28457],[120.704102,53.171826],[120.421289,52.968066],[120.218164,52.839893],[120.094531,52.787207],[120.044336,52.718213],[120.067578,52.63291],[120.172754,52.60249],[120.360059,52.627002],[120.521094,52.615039],[120.656152,52.56665],[120.699219,52.493604],[120.650391,52.395898],[120.66543,52.299902],[120.744531,52.205469],[120.749805,52.096533],[120.681445,51.973047],[120.510547,51.848535],[120.237012,51.722998],[120.066895,51.600684],[119.966992,51.422119],[119.813184,51.267041],[119.756641,51.179492],[119.745996,51.107715],[119.684961,51.030127],[119.573438,50.946777],[119.512305,50.863135],[119.501758,50.779248],[119.445703,50.702832],[119.344043,50.633887],[119.280664,50.560986],[119.255859,50.48418],[119.216699,50.43252],[119.163672,50.406006],[119.191895,50.379834],[119.301562,50.353906],[119.346289,50.278955],[119.326074,50.154932],[119.259863,50.066406],[119.147461,50.013379],[118.979492,49.978857],[118.755957,49.962842],[118.451563,49.844482],[118.186621,49.692773],[117.873438,49.513477],[117.812598,49.513525],[117.698438,49.53584],[117.477148,49.609424],[117.245605,49.624854],[117.02168,49.692969],[116.888965,49.737793],[116.683301,49.823779],[116.631543,49.877051],[116.551172,49.920312],[116.351172,49.978076],[116.216797,50.009277],[116.13457,50.010791],[115.925977,49.952148],[115.795215,49.905908],[115.717773,49.880615],[115.587988,49.886035],[115.429199,49.896484],[115.365039,49.911768],[115.274512,49.948877],[115.098047,50.059424],[115.00332,50.138574],[114.87959,50.183057],[114.743164,50.233691],[114.674902,50.245703],[114.554004,50.241455],[114.386328,50.255469],[114.29707,50.274414],[114.221777,50.257275],[114.070703,50.204736],[113.881152,50.101123],[113.732422,50.061523],[113.574219,50.007031],[113.445508,49.941602],[113.319043,49.874316],[113.16416,49.797168],[113.09209,49.692529],[113.055566,49.61626],[112.914844,49.569238],[112.806445,49.523584],[112.697363,49.507275],[112.494922,49.532324],[112.375195,49.5146],[112.079688,49.424219],[111.934473,49.416016],[111.833398,49.403613],[111.735547,49.397754],[111.574805,49.376416],[111.511914,49.360937],[111.429297,49.342627],[111.336621,49.355859],[111.204199,49.304297],[110.82793,49.166162],[110.709766,49.142969],[110.631055,49.137598],[110.52959,49.187061],[110.427832,49.219971],[110.321387,49.215869],[110.199902,49.17041],[109.994531,49.205615],[109.750391,49.239307],[109.528711,49.269873],[109.453711,49.296338],[109.236719,49.334912],[108.919922,49.335352],[108.733008,49.335645],[108.613672,49.322803],[108.522461,49.341504],[108.406934,49.396387],[108.213086,49.524805],[108.098047,49.562646],[108.033789,49.593994],[108.00957,49.646875],[107.96543,49.653516],[107.936719,49.691016],[107.93877,49.740723],[107.934863,49.849023],[107.947852,49.924707],[107.916602,49.947803],[107.786816,49.96001],[107.630957,49.983105],[107.34707,49.98667],[107.233301,49.989404],[107.143066,50.033008],[107.040234,50.086475],[106.941309,50.19668],[106.853711,50.248291],[106.711133,50.312598],[106.574414,50.328809],[106.368457,50.317578],[106.217871,50.30459],[106.08252,50.332568],[105.996484,50.36792],[105.875195,50.405371],[105.692578,50.41416],[105.541602,50.44126],[105.383594,50.47373],[105.266699,50.460498],[105.185938,50.42959],[105.094727,50.389941],[104.976953,50.38291],[104.685352,50.341846],[104.596387,50.317187],[104.466309,50.306152],[104.353906,50.275293],[104.259961,50.214453],[104.179688,50.169434],[104.078711,50.154248],[103.958496,50.157275],[103.856152,50.171826],[103.802637,50.176074],[103.723242,50.153857],[103.63291,50.138574],[103.496289,50.164941],[103.421191,50.187061],[103.304395,50.200293],[103.233789,50.264258],[103.161719,50.290723],[103.039453,50.300635],[102.859668,50.333252],[102.76543,50.366553],[102.683301,50.387158],[102.546289,50.461328],[102.469434,50.525684],[102.406836,50.536182],[102.336426,50.544238],[102.288379,50.585107],[102.285742,50.634668],[102.30332,50.665527],[102.316602,50.718457],[102.276563,50.768701],[102.235059,50.791211],[102.215039,50.829443],[102.226172,50.901465],[102.210254,50.974316],[102.194531,51.050684],[102.151953,51.10752],[102.142383,51.216064],[102.160059,51.26084],[102.155664,51.31377],[102.111523,51.353467],[101.979199,51.382227],[101.821191,51.421045],[101.570898,51.467187],[101.464355,51.471484],[101.38125,51.452637],[101.304492,51.474756],[101.223242,51.513281],[101.085352,51.553027],[100.903613,51.604248],[100.710742,51.661572],[100.53623,51.713477],[100.468945,51.726074],[100.230371,51.729834],[100.03457,51.737109],[99.92168,51.755518],[99.787891,51.827539],[99.719238,51.871631],[99.612891,51.892529],[99.532324,51.899902],[99.407031,51.923535],[99.176172,51.998877],[99.091406,52.034863],[99.034277,52.0354],[98.958105,52.101709],[98.893164,52.117285],[98.848633,52.070068],[98.802539,51.957471],[98.760156,51.905078],[98.640527,51.801172],[98.352734,51.717627],[98.303125,51.674268],[98.276855,51.63457],[98.2375,51.578418],[98.219922,51.505615],[98.184668,51.485742],[98.103125,51.483545],[98.037598,51.449951],[97.98916,51.377051],[97.946875,51.348437],[97.923242,51.280469],[97.927344,51.250732],[97.917871,51.217871],[97.91084,51.165186],[97.835742,51.05166],[97.825293,50.985254],[97.856152,50.943359],[97.919824,50.887158],[97.953125,50.855176],[97.96416,50.817676],[97.961914,50.769141],[98.001172,50.702051],[98.029785,50.644629],[98.078906,50.603809],[98.14502,50.568555],[98.220508,50.557178],[98.279492,50.533252],[98.292676,50.486963],[98.277344,50.422998],[98.250293,50.302441],[98.2,50.227686],[98.170117,50.180566],[98.121973,50.106592],[98.103418,50.077832],[98.003906,50.014258],[97.936621,49.996777],[97.853906,49.946777],[97.785547,49.944531],[97.720703,49.944629],[97.650977,49.933594],[97.589355,49.911475],[97.54082,49.843115],[97.418359,49.773047],[97.359766,49.741455],[97.208594,49.730811],[97.136914,49.761719],[97.097656,49.805029],[97.049121,49.829883],[96.985742,49.882812],[96.711719,49.911572],[96.640234,49.897852],[96.598437,49.878418],[96.543262,49.892529],[96.505762,49.918701],[96.466406,49.911523],[96.381152,49.896045],[96.315039,49.901123],[96.229688,49.954102],[96.111719,49.982471],[96.065527,49.99873],[96.018555,49.998779],[95.989551,49.973584],[95.935742,49.96001],[95.899414,49.990576],[95.851953,50.012939],[95.789355,50.0125],[95.707812,49.966016],[95.567187,49.943848],[95.522656,49.91123],[95.441797,49.915527],[95.385645,49.941211],[95.329492,49.944141],[95.166211,49.943848],[95.111426,49.935449],[95.044336,49.961572],[95.012891,50.008252],[94.930273,50.04375],[94.81123,50.048193],[94.718066,50.043262],[94.675488,50.028076],[94.614746,50.02373],[94.564648,50.087939],[94.496875,50.132812],[94.458496,50.165723],[94.400195,50.179639],[94.354688,50.221826],[94.346875,50.303418],[94.319336,50.404883],[94.287012,50.511377],[94.251074,50.556396],[94.075781,50.572852],[93.989844,50.568848],[93.79541,50.577637],[93.662012,50.583691],[93.625586,50.585547],[93.501074,50.597461],[93.386816,50.608496],[93.270508,50.615576],[93.222559,50.606543],[93.103125,50.603906],[93.009863,50.654541],[92.970703,50.7125],[92.963574,50.744922],[92.941309,50.778223],[92.856445,50.789111],[92.779297,50.778662],[92.738672,50.710938],[92.681348,50.683203],[92.62666,50.688281],[92.578906,50.725439],[92.486426,50.765088],[92.426367,50.803076],[92.354785,50.86416],[92.295801,50.849805],[92.279004,50.812207],[92.265332,50.775195],[92.192383,50.700586],[92.104004,50.691992],[91.956543,50.697607],[91.804297,50.693604],[91.706348,50.665527],[91.63418,50.615137],[91.596875,50.575537],[91.52168,50.562012],[91.446484,50.522168],[91.415039,50.468018],[91.34082,50.470068],[91.300586,50.463379],[91.233789,50.452393],[91.062793,50.422607],[91.021582,50.415479],[90.917188,50.36416],[90.838086,50.32373],[90.760742,50.305957],[90.714355,50.259424],[90.655078,50.222363],[90.516895,50.21333],[90.364844,50.166895],[90.311328,50.151172],[90.224512,50.116699],[90.103711,50.10332],[90.053711,50.09375],[90.00498,50.069287],[89.977344,49.984326],[89.878027,49.953516],[89.744238,49.948096],[89.643848,49.903027],[89.634277,49.823291],[89.669531,49.750488],[89.654102,49.71748],[89.579199,49.699707],[89.475,49.660547],[89.395605,49.611523],[89.299219,49.611133],[89.243945,49.627051],[89.20293,49.595703],[89.17998,49.532227],[89.109473,49.501367],[89.008398,49.472803],[88.970605,49.48374],[88.94541,49.507666],[88.900195,49.539697],[88.863867,49.527637],[88.860352,49.481543],[88.831641,49.448437],[88.747852,49.44624],[88.682715,49.464551],[88.633203,49.486133],[88.544336,49.482568],[88.452441,49.472705],[88.393359,49.482861],[88.337793,49.472559],[88.192578,49.451709],[88.135547,49.381494],[88.134277,49.298437],[88.115723,49.256299],[88.028516,49.219775],[87.988086,49.186914],[87.934766,49.164551],[87.818262,49.162109],[87.814258,49.162305],[87.7625,49.16582],[87.668359,49.147217],[87.576563,49.132373],[87.51582,49.122412],[87.476172,49.091455],[87.416699,49.076611],[87.322852,49.085791],[87.296875,49.147656],[87.233691,49.216162],[87.148047,49.239795],[87.070605,49.25459],[87.000977,49.287305],[86.95293,49.32207],[86.812109,49.487891],[86.714355,49.558594],[86.626465,49.562695],[86.614258,49.609717],[86.665332,49.656689],[86.730664,49.695557],[86.728711,49.748682],[86.675488,49.777295],[86.610156,49.769141],[86.522266,49.707764],[86.417969,49.638477],[86.292383,49.5875],[86.242188,49.546338],[86.180859,49.499316],[86.092969,49.505469],[86.02959,49.503418],[85.974414,49.499316],[85.933594,49.550439],[85.880469,49.556543],[85.498438,49.605371],[85.371582,49.623926],[85.291895,49.599463],[85.232617,49.61582],[85.210156,49.664844],[85.136523,49.750732],[85.076465,49.821631],[85.000781,49.894141],[84.975195,49.951074],[84.999707,50.010303],[84.989453,50.061426],[84.924023,50.087988],[84.838965,50.091309],[84.607324,50.202393],[84.499023,50.21875],[84.400977,50.23916],[84.323242,50.23916],[84.257812,50.288232],[84.194531,50.437451],[84.175977,50.520557],[84.099316,50.604736],[84.002344,50.676855],[83.945117,50.774658],[83.859766,50.818018],[83.717773,50.887158],[83.581445,50.935742],[83.357324,50.99458],[83.27373,50.99458],[83.160254,50.989209],[83.092773,50.960596],[83.019238,50.897266],[82.919043,50.893115],[82.76084,50.893359],[82.718555,50.869482],[82.692969,50.826318],[82.611719,50.771484],[82.493945,50.727588],[82.326367,50.741895],[82.211914,50.719434],[82.098047,50.71084],[81.933691,50.766357],[81.752051,50.764404],[81.633887,50.739111],[81.465918,50.739844],[81.431445,50.771143],[81.451563,50.823682],[81.437695,50.871045],[81.410156,50.909766],[81.388281,50.956494],[81.319141,50.966406],[81.124609,50.946289],[81.071484,50.96875],[81.077539,51.014941],[81.112402,51.072363],[81.141016,51.146582],[81.127246,51.191064],[81.026758,51.185693],[80.965625,51.189795],[80.934082,51.242773],[80.877344,51.281445],[80.813086,51.283496],[80.735254,51.293408],[80.650488,51.277344],[80.605469,51.224219],[80.550684,51.216602],[80.491016,51.201758],[80.448047,51.18335],[80.421484,51.136377],[80.433594,51.092627],[80.452246,50.997607],[80.423633,50.946289],[80.345215,50.919092],[80.27041,50.924609],[80.220215,50.911768],[80.127246,50.85835],[80.086328,50.83999],[80.07207,50.807275],[80.065918,50.758203],[79.98623,50.774561],[79.859668,50.955469],[79.716406,51.16001],[79.554297,51.377979],[79.468848,51.493115],[79.14873,51.868115],[78.99209,52.047412],[78.721484,52.357031],[78.475488,52.638428],[78.198047,52.929688],[78.033496,53.094971],[77.859961,53.269189],[77.799414,53.317432],[77.704395,53.37915],[77.469238,53.498779],[77.132422,53.670117],[76.820703,53.822656],[76.575684,53.942529],[76.513086,53.993213],[76.484766,54.022559],[76.458594,54.055273],[76.42207,54.113525],[76.42168,54.151514],[76.65459,54.145264],[76.703027,54.182471],[76.788965,54.321875],[76.837305,54.442383],[76.759375,54.436865],[76.615527,54.387109],[76.53916,54.351074],[76.496484,54.335693],[76.266602,54.311963],[76.140527,54.258545],[75.880664,54.167969],[75.692871,54.114795],[75.656836,54.106006],[75.437207,54.089648],[75.398145,54.068506],[75.392383,54.021729],[75.377051,53.970117],[75.220215,53.893799],[75.052148,53.826709],[74.988965,53.819238],[74.886816,53.834033],[74.83418,53.825684],[74.681445,53.754395],[74.451953,53.647266],[74.430469,53.603711],[74.429297,53.550732],[74.402734,53.504443],[74.351562,53.487646],[74.277344,53.527734],[74.209961,53.576465],[74.068652,53.611426],[73.858984,53.619727],[73.731152,53.602783],[73.642969,53.57627],[73.469922,53.468896],[73.406934,53.447559],[73.371875,53.454395],[73.361914,53.506201],[73.326855,53.543164],[73.285742,53.598389],[73.305664,53.707227],[73.399414,53.811475],[73.554199,53.868311],[73.678906,53.929443],[73.715527,53.996191],[73.712402,54.042383],[73.666406,54.063477],[73.617969,54.067383],[73.589941,54.044971],[73.505664,53.999316],[73.380664,53.962842],[73.276563,53.955615],[73.229883,53.957812],[73.119336,53.980762],[72.914062,54.107324],[72.741016,54.124512],[72.622266,54.134326],[72.582715,54.121582],[72.564258,54.09043],[72.575586,54.056494],[72.599219,54.023047],[72.585938,53.995947],[72.530273,53.975781],[72.446777,53.941846],[72.404297,53.964453],[72.383008,54.053662],[72.387305,54.123047],[72.329492,54.181445],[72.269141,54.272119],[72.186035,54.325635],[72.105371,54.308447],[72.065625,54.231641],[72.004492,54.205664],[71.887402,54.221484],[71.677148,54.178027],[71.336426,54.15835],[71.093164,54.212207],[71.052734,54.260498],[71.152148,54.364062],[71.159766,54.45542],[71.15918,54.538623],[71.185547,54.599316],[71.12627,54.715039],[70.991797,54.950488],[70.910156,55.127979],[70.790332,55.261133],[70.738086,55.305176],[70.486328,55.282373],[70.417188,55.253174],[70.371484,55.212256],[70.293359,55.183594],[70.182422,55.162451],[70.087402,55.176758],[69.981738,55.199072],[69.870215,55.245654],[69.740234,55.307373],[69.493262,55.356885],[69.246973,55.37251],[68.977246,55.3896],[68.842969,55.35835],[68.712891,55.308496],[68.524805,55.204834],[68.438477,55.194434],[68.301953,55.186523],[68.20625,55.160937],[68.225293,55.115234],[68.244043,55.052441],[68.209375,55.003027],[68.155859,54.976709],[68.073828,54.95957],[67.939941,54.953711],[67.829883,54.943555],[67.693359,54.872412],[67.484668,54.854492],[67.257324,54.828809],[67.09834,54.788184],[66.754492,54.737891],[66.555371,54.71543],[66.222656,54.667383],[65.954688,54.659521],[65.914258,54.693311],[65.707813,54.618701],[65.476953,54.623291],[65.434375,54.593311],[65.378125,54.564453],[65.315918,54.551562],[65.237402,54.516064],[65.192188,54.441113],[65.157813,54.364404],[65.088379,54.340186],[64.99541,54.36875],[64.926758,54.396631],[64.809277,54.368555],[64.649902,54.352246],[64.525098,54.362158],[64.46123,54.38418],[64.199414,54.347412],[64.062891,54.30293],[64.037402,54.279736],[64.003906,54.26709],[63.84707,54.236475],[63.721191,54.24502],[63.701367,54.243213],[63.582031,54.221924],[63.413672,54.183203],[63.292676,54.170459],[63.191309,54.171045],[63.126563,54.139258],[63.073926,54.105225],[62.632715,54.069287],[62.588281,54.044434],[62.499023,54.013184],[62.040234,54.002637],[62.002344,53.979932],[61.985645,53.954395],[61.928711,53.946484],[61.598145,53.994922],[61.333691,54.049268],[61.231055,54.019482],[61.14375,53.963818],[61.113184,53.882471],[61.113184,53.812988],[61.113184,53.753467],[61.073535,53.710449],[60.985547,53.657422],[60.979492,53.621729],[61.098535,53.583105],[61.247949,53.550977],[61.336133,53.565186],[61.409961,53.587061],[61.474121,53.580273],[61.519141,53.554492],[61.534961,53.523291],[61.526563,53.501562],[61.498535,53.484668],[61.400977,53.455811],[61.311621,53.465723],[61.228906,53.445898],[61.185938,53.406201],[61.162793,53.336768],[61.199219,53.287158],[61.310938,53.275195],[61.436816,53.239404],[61.576172,53.222461],[61.659863,53.228467],[61.766211,53.173926],[62.014648,53.107861],[62.081055,53.057422],[62.082715,53.00542],[62.037109,52.966113],[61.974219,52.94375],[61.888574,52.955908],[61.719336,52.969385],[61.533594,52.978516],[61.400781,52.995996],[61.206934,52.989062],[61.047461,52.972461],[61.006543,52.93335],[60.944727,52.860156],[60.893262,52.819434],[60.802344,52.744727],[60.774414,52.675781],[60.821289,52.569824],[60.979492,52.394775],[60.994531,52.336865],[60.937598,52.280566],[60.828418,52.233398],[60.670313,52.15083],[60.499316,52.146338],[60.425488,52.125586],[60.233691,52.024512],[60.065527,51.976465],[60.030273,51.933252],[60.06748,51.890625],[60.280371,51.834619],[60.3875,51.772998],[60.418359,51.703906],[60.464746,51.651172],[60.630371,51.616943],[60.973535,51.537061],[60.993359,51.528711],[61.014844,51.492383],[61.363086,51.441895],[61.411328,51.414746],[61.554688,51.324609],[61.585059,51.229687],[61.512207,51.137012],[61.465039,50.990234],[61.389453,50.861035],[61.226855,50.774805],[60.942285,50.695508],[60.637988,50.663721],[60.508496,50.669189],[60.424805,50.67915],[60.288086,50.70415],[60.186719,50.769775],[60.112109,50.83418],[60.058594,50.850293],[60.005273,50.839697],[59.955176,50.799268],[59.887793,50.690186],[59.812402,50.582031],[59.751172,50.543945],[59.523047,50.492871],[59.497852,50.511084],[59.523926,50.582812],[59.495117,50.604297],[59.452344,50.62041],[59.170898,50.6479],[59.064355,50.668213],[58.984863,50.676123],[58.883691,50.694434],[58.814063,50.737207],[58.664551,50.868311],[58.547461,50.971045],[58.35918,51.063818],[58.188477,51.081738],[58.174707,51.072266],[58.045117,51.068848],[57.838867,51.09165],[57.828906,51.089014],[57.764844,51.046875],[57.716992,50.980957],[57.653809,50.925146],[57.557813,50.895557],[57.442188,50.888867],[57.3125,50.946533],[57.179004,51.036035],[57.011719,51.065186],[56.849609,51.045557],[56.790332,51.031592],[56.620215,50.980859],[56.566895,51.004492],[56.491406,51.019531],[56.325586,50.936084],[56.143945,50.844629],[56.104492,50.77627],[56.049707,50.713525],[55.929199,50.65376],[55.797656,50.602051],[55.68623,50.582861],[55.542285,50.601807],[55.361133,50.665283],[55.195215,50.744727],[55.014844,50.869775],[54.867969,50.941357],[54.727148,50.998096],[54.641602,51.011572],[54.572949,50.990234],[54.546094,50.946045],[54.565625,50.911279],[54.60625,50.879883],[54.637891,50.781055],[54.65,50.660156],[54.636133,50.591602],[54.596191,50.550684],[54.555273,50.535791],[54.517383,50.541162],[54.471484,50.583789],[54.443359,50.673926],[54.421484,50.780322],[54.297852,50.914062],[54.191113,50.995703],[54.139746,51.040771],[54.041504,51.115186],[53.956836,51.161182],[53.776465,51.213721],[53.688086,51.251807],[53.534668,51.399561],[53.448633,51.444531],[53.338086,51.482373],[53.247266,51.493604],[53.227344,51.484961],[53.038379,51.463721],[52.902637,51.466943],[52.820508,51.49458],[52.735059,51.4979],[52.728125,51.498145],[52.635156,51.479541],[52.617773,51.480762],[52.571191,51.481641],[52.496191,51.512158],[52.423047,51.594238],[52.331055,51.681299],[52.219141,51.709375],[52.007129,51.672705],[51.775391,51.554248],[51.609082,51.483984],[51.473438,51.482031],[51.395996,51.471289],[51.344531,51.475342],[51.301074,51.497412],[51.290723,51.540186],[51.269922,51.594482],[51.163477,51.647461],[51.017871,51.681641],[50.882422,51.719189],[50.793945,51.729199],[50.756152,51.675146],[50.643945,51.58916],[50.516309,51.505615],[50.353711,51.369727],[50.309277,51.321582],[50.246875,51.289502],[50.104883,51.25459],[49.932324,51.197168],[49.822266,51.131885],[49.666309,51.102295],[49.498047,51.083594],[49.424609,51.027002],[49.379492,50.934668],[49.323438,50.851709],[49.058691,50.726074],[48.91377,50.64458],[48.808398,50.601318],[48.734766,50.606885],[48.655176,50.619873],[48.625098,50.612695],[48.666016,50.550342],[48.700488,50.35376],[48.749414,50.228467],[48.784766,50.156445],[48.817969,50.099854],[48.843262,50.013135],[48.810254,49.962402],[48.758984,49.92832],[48.6,49.874707],[48.434277,49.828516],[48.334961,49.858252],[48.224805,49.931934],[48.181348,49.97002],[48.060742,50.093604],[47.849609,50.282324],[47.705762,50.377979],[47.599609,50.413574],[47.503613,50.402734],[47.429199,50.357959],[47.376367,50.318115],[47.326465,50.273535],[47.294727,50.21748],[47.297656,50.140234],[47.295215,50.058496],[47.24834,50.000879],[47.12959,49.939062],[46.991992,49.852734],[46.889551,49.696973],[46.823145,49.502246],[46.802051,49.36709],[46.85293,49.303857],[46.953418,49.252588],[47.018164,49.199902],[47.031348,49.150293],[47.014258,49.09834],[46.962207,49.03833],[46.85293,48.969629],[46.702637,48.805566],[46.60918,48.573877],[46.660938,48.412256],[46.853125,48.323584],[47.004297,48.284473],[47.064648,48.232471],[47.119043,48.127002],[47.111523,48.020117],[47.093262,47.947705],[47.130762,47.876758],[47.202051,47.79248],[47.292383,47.740918],[47.387305,47.768652],[47.481934,47.803906],[47.600195,47.78999],[47.934668,47.760693],[48.109961,47.74541],[48.166992,47.708789],[48.275684,47.589941],[48.413086,47.456494],[48.552539,47.320996],[48.600684,47.262305],[48.714355,47.100488],[48.831836,46.954932],[48.959375,46.774609],[48.950293,46.725781],[48.883594,46.70542],[48.776367,46.710352],[48.693555,46.736816],[48.64707,46.758691],[48.605273,46.765918],[48.558398,46.757129],[48.518555,46.734326],[48.502344,46.698633],[48.50918,46.649951],[48.541211,46.605615],[48.586035,46.5771],[48.610156,46.566455],[48.774316,46.507959],[48.958984,46.442139],[49.184277,46.348828],[49.232227,46.337158],[49.245898,46.291602],[49.125488,46.281738],[49.110645,46.228467],[49.07959,46.189209],[48.809961,46.100488],[48.742578,46.100732],[48.683691,46.086182],[48.687305,46.02876],[48.703418,45.976221],[48.749609,45.920557],[48.72959,45.896826],[48.689648,45.888867],[48.637402,45.905762],[48.589063,45.934863],[48.537305,45.942139],[48.487012,45.934863],[48.257617,45.777783],[48.15918,45.737012],[48.052832,45.720996],[47.830176,45.663037],[47.763965,45.665967],[47.701074,45.686182],[47.649805,45.656738],[47.633301,45.584033],[47.574023,45.634277],[47.508398,45.67417],[47.479395,45.687598],[47.463281,45.679688],[47.524219,45.601709],[47.529492,45.530225],[47.514551,45.490918],[47.488672,45.455078],[47.454492,45.433057],[47.413086,45.421045],[47.391113,45.294775],[47.35127,45.217725],[47.296191,45.149463],[47.221484,45.024268],[47.161523,44.969629],[47.114746,44.905957],[47.083789,44.816992],[47.039258,44.837891],[47.00293,44.876074],[46.983691,44.825586],[46.957422,44.782568],[46.841211,44.718262],[46.755273,44.656543],[46.716113,44.560693],[46.707227,44.50332],[46.720898,44.45166],[46.753027,44.420654],[46.915723,44.387158],[47.023633,44.343262],[47.122656,44.26167],[47.229883,44.192383],[47.307031,44.103125],[47.361523,43.993359],[47.429199,43.779883],[47.462793,43.555029],[47.562598,43.834668],[47.646484,43.884619],[47.627832,43.805957],[47.567969,43.684961],[47.508984,43.509717],[47.489844,43.381689],[47.511621,43.270752],[47.512891,43.21875],[47.463184,43.035059],[47.488867,42.999756],[47.529004,42.967139],[47.634863,42.903467],[47.709082,42.810937],[47.727734,42.680713],[47.769727,42.644775],[47.822363,42.613477],[48.080176,42.353711],[48.228613,42.180957],[48.303027,42.080225],[48.383789,41.953418],[48.426367,41.923975],[48.476758,41.905127],[48.572852,41.844482],[48.518652,41.779346],[48.430664,41.66333],[48.391406,41.601904],[48.298145,41.54502],[48.142285,41.484766],[48.056055,41.458691],[47.963672,41.333984],[47.861133,41.212744],[47.791016,41.199268],[47.591797,41.218115],[47.520605,41.229053],[47.317676,41.282422],[47.261133,41.315088],[47.205273,41.455615],[47.142578,41.516064],[47.063965,41.554688],[47.010156,41.5875],[46.987793,41.621387],[46.930859,41.67041],[46.825586,41.743408],[46.749316,41.812598],[46.690332,41.831348],[46.616016,41.806934],[46.571289,41.800098],[46.552148,41.812305],[46.537695,41.87041],[46.429883,41.890967],[46.411523,41.904639],[46.267773,41.960352],[46.212695,41.989893],[46.159766,41.992041],[46.048438,42.00874],[45.954004,42.0354],[45.910352,42.070703],[45.845996,42.109961],[45.726562,42.158887],[45.638574,42.205078],[45.634277,42.234717],[45.688379,42.357373],[45.727539,42.475049],[45.705273,42.498096],[45.655566,42.517676],[45.562891,42.535742],[45.34375,42.529785],[45.208203,42.648242],[45.160254,42.675],[45.071582,42.694141],[44.943359,42.730273],[44.870996,42.756396],[44.850488,42.746826],[44.771094,42.616797],[44.691797,42.709619],[44.644336,42.734717],[44.576465,42.748486],[44.505859,42.748633],[44.329492,42.703516],[44.199707,42.653613],[44.102734,42.616357],[44.004688,42.595605],[43.957422,42.566553],[43.825977,42.571533],[43.759863,42.593848],[43.738379,42.616992],[43.749902,42.65752],[43.79541,42.702979],[43.79873,42.727783],[43.782617,42.747021],[43.623047,42.807715],[43.557813,42.844482],[43.347949,42.89668],[43.08916,42.989062],[43.000195,43.049658],[42.991602,43.091504],[42.890039,43.132617],[42.760645,43.16958],[42.660254,43.159082],[42.566016,43.155127],[42.419043,43.224219],[42.279688,43.228076],[42.122266,43.207324],[42.087793,43.199121],[42.05,43.190137],[41.580566,43.219238],[41.460742,43.276318],[41.358203,43.333398],[41.083105,43.374463],[40.941992,43.418066],[40.80166,43.479932],[40.648047,43.533887],[40.518945,43.512012],[40.342285,43.542725],[40.150195,43.569775],[40.08457,43.553125],[40.02373,43.484863],[39.97832,43.419824],[39.873633,43.472803],[39.516699,43.727881],[39.329395,43.897266],[38.717285,44.288086],[38.63584,44.318018],[38.311816,44.374463],[38.18125,44.419678],[37.851465,44.698828],[37.704883,44.661377],[37.572461,44.67085],[37.495117,44.695264],[37.411328,44.735352],[37.352344,44.788379],[37.284082,44.905029],[37.204785,44.971973],[36.944434,45.06958],[36.650781,45.126465],[36.627637,45.151318],[36.619141,45.185498],[36.873047,45.251758],[36.941211,45.289697],[36.811035,45.340039],[36.761621,45.34834],[36.72041,45.371875],[36.79375,45.409717],[36.865918,45.427051],[36.977832,45.383594],[37.103516,45.302881],[37.213574,45.272314],[37.264258,45.310937],[37.647168,45.377197],[37.672949,45.429736],[37.671875,45.488379],[37.634375,45.486328],[37.609961,45.499512],[37.612402,45.564697],[37.669238,45.654053],[37.840918,45.799561],[37.933105,46.001709],[38.014258,46.047754],[38.073828,46.01709],[38.069727,45.969873],[38.07959,45.934814],[38.132812,46.002832],[38.183594,46.094824],[38.311816,46.095361],[38.400391,46.080029],[38.492285,46.090527],[38.315234,46.241943],[38.077734,46.394336],[37.977539,46.382861],[37.913867,46.406494],[37.80957,46.53208],[37.766504,46.636133],[37.867383,46.633789],[37.967969,46.618018],[38.159473,46.690674],[38.22998,46.70127],[38.343457,46.67832],[38.500977,46.663672],[38.487988,46.732178],[38.438672,46.813086],[38.630762,46.873047],[38.801074,46.906152],[39.126758,47.023438],[39.270703,47.044141],[39.289062,47.070898],[39.293457,47.105762],[39.244531,47.199512],[39.195703,47.268848],[39.02373,47.272217],[38.92832,47.175684],[38.668164,47.143945],[38.552441,47.150342],[38.644336,47.212207],[38.736035,47.23584],[38.761914,47.261621],[38.577246,47.239111],[38.484766,47.175537],[38.214355,47.091455],[38.205859,47.135596],[38.201367,47.175244],[38.221191,47.212744],[38.265332,47.236963],[38.280762,47.259033],[38.280762,47.27666],[38.241016,47.287695],[38.208008,47.296533],[38.201367,47.320801],[38.212402,47.342773],[38.243262,47.373682],[38.256543,47.408936],[38.258789,47.479541],[38.287402,47.55918],[38.368848,47.609961],[38.510938,47.622412],[38.640625,47.665918],[38.718945,47.714111],[38.822266,47.837012],[38.900293,47.855127],[39.057813,47.848486],[39.158496,47.837402],[39.391016,47.83374],[39.658496,47.841211],[39.735938,47.844824],[39.778711,47.887549],[39.775781,47.964453],[39.813965,48.035303],[39.885059,48.168359],[39.961035,48.237939],[39.95791,48.268896],[39.918164,48.281934],[39.866309,48.288428],[39.847461,48.302783],[39.849902,48.331934],[39.889844,48.360449],[39.882617,48.419092],[39.85752,48.484229],[39.835645,48.542773],[39.76543,48.571875],[39.644727,48.591211],[39.67041,48.662451],[39.70459,48.739355],[39.755859,48.78208],[39.792871,48.807715],[39.904102,48.79375],[39.984473,48.807373],[40.003613,48.82207],[39.98916,48.851416],[39.86377,48.877979],[39.75332,48.914453],[39.705664,48.95957],[39.686523,49.00791],[39.759473,49.036572],[39.889746,49.064062],[39.976367,49.129834],[40.07002,49.200293],[40.108789,49.251562],[40.12832,49.307227],[40.126172,49.368848],[40.057813,49.431543],[40.057813,49.49707],[40.094922,49.542676],[40.080664,49.576855],[40.030664,49.596729],[39.958496,49.590771],[39.876855,49.567676],[39.780566,49.572021],[39.626563,49.650684],[39.462793,49.728027],[39.368457,49.730664],[39.30293,49.742041],[39.245996,49.781934],[39.211816,49.833203],[39.174805,49.855957],[39.114941,49.841748],[39.027734,49.818408],[38.918359,49.824707],[38.77666,49.884326],[38.647754,49.952881],[38.551953,49.95459],[38.451172,49.964062],[38.258594,50.052344],[38.208691,50.051465],[38.177539,50.025391],[38.162695,49.954541],[38.146777,49.939404],[38.1125,49.927832],[38.046875,49.92002],[37.950293,49.964209],[37.704199,50.109082],[37.605078,50.214941],[37.582324,50.291846],[37.501367,50.340723],[37.422852,50.411475],[37.343164,50.417627],[37.254883,50.394971],[37.171094,50.360889],[37.13125,50.351514],[36.988477,50.339551],[36.759082,50.291846],[36.696387,50.24624],[36.619434,50.209229],[36.559668,50.234863],[36.499805,50.280469],[36.368848,50.296826],[36.306055,50.280469],[36.243359,50.311768],[36.189453,50.367822],[36.116406,50.408545],[36.007812,50.419678],[35.890234,50.437109],[35.796191,50.405762],[35.67373,50.345996],[35.591113,50.36875],[35.545508,50.43999],[35.488477,50.459912],[35.411621,50.539697],[35.391699,50.610937],[35.411621,50.642236],[35.440137,50.68208],[35.440137,50.727686],[35.417383,50.767578],[35.383203,50.798926],[35.346094,50.904297],[35.314746,50.949902],[35.309082,50.986914],[35.334766,51.021143],[35.311914,51.043896],[35.269141,51.046777],[35.198047,51.043896],[35.158105,51.060986],[35.115332,51.12085],[35.092578,51.180664],[35.064063,51.203418],[34.990234,51.201758],[34.868555,51.189209],[34.760352,51.169336],[34.712305,51.172217],[34.616797,51.203125],[34.491016,51.237061],[34.23418,51.243799],[34.213867,51.255371],[34.228418,51.276855],[34.280664,51.31167],[34.275,51.340186],[34.229883,51.363232],[34.206543,51.419922],[34.209277,51.484082],[34.200879,51.553809],[34.146777,51.607959],[34.11543,51.644971],[34.121094,51.67915],[34.23916,51.692236],[34.379297,51.716504],[34.402734,51.741504],[34.397852,51.78042],[34.113086,51.979639],[34.015332,52.155957],[33.92207,52.251465],[33.818848,52.315625],[33.735254,52.344775],[33.613379,52.332617],[33.451855,52.333789],[33.287109,52.353564],[33.148438,52.34043],[32.899707,52.256348],[32.806445,52.252637],[32.64541,52.279102],[32.50791,52.308545],[32.435449,52.307227],[32.391309,52.294824],[32.362988,52.272119],[32.282813,52.114014],[32.216797,52.082959],[32.122266,52.050586],[32.041602,52.04502],[31.973828,52.046631],[31.875586,52.070898],[31.782422,52.099414],[31.763379,52.101074],[31.758594,52.12583],[31.690625,52.220654],[31.649902,52.262207],[31.601562,52.284814],[31.577344,52.312305],[31.576563,52.426025],[31.585547,52.532471],[31.615918,52.546191],[31.526172,52.633008],[31.519434,52.69873],[31.563477,52.731445],[31.564844,52.759229],[31.535156,52.798242],[31.442773,52.861816],[31.353027,52.933447],[31.295117,52.989795],[31.258789,53.016699],[31.30293,53.060889],[31.364551,53.138965],[31.388379,53.184814],[31.417871,53.196045],[31.562988,53.20249],[31.668262,53.200928],[31.747461,53.18418],[31.777441,53.146875],[31.849707,53.106201],[32.055469,53.089453],[32.141992,53.091162],[32.250684,53.128369],[32.42627,53.210596],[32.469336,53.270312],[32.578027,53.312402],[32.644434,53.328906],[32.704297,53.336328],[32.710254,53.371436],[32.706445,53.419434],[32.685742,53.448145],[32.469629,53.546973],[32.442383,53.579248],[32.425195,53.617285],[32.450977,53.65332],[32.450195,53.69292],[32.200391,53.78125],[31.992188,53.796875],[31.820801,53.791943],[31.754199,53.810449],[31.783008,53.85498],[31.825293,53.93501],[31.837793,54.000781],[31.825977,54.030713],[31.791992,54.055908],[31.628418,54.111182],[31.403613,54.195947],[31.299121,54.291699],[31.245508,54.39165],[31.184766,54.452979],[31.074805,54.491797],[31.081934,54.51709],[31.154883,54.610937],[31.152148,54.625342],[31.121289,54.648486],[30.98418,54.695898],[30.798828,54.783252],[30.791016,54.806006],[30.804492,54.860937],[30.829883,54.91499],[30.866797,54.940723],[30.977734,55.050488],[30.977734,55.087793],[30.958887,55.137598],[30.877441,55.223437],[30.814453,55.278711],[30.810547,55.306982],[30.820996,55.330273],[30.861816,55.3604],[30.900586,55.397412],[30.908789,55.525342],[30.906836,55.57002],[30.882227,55.596387],[30.855957,55.60752],[30.800781,55.601123],[30.72168,55.622119],[30.662305,55.655469],[30.625586,55.66626],[30.586719,55.700293],[30.475391,55.768799],[30.45625,55.786816],[30.233594,55.845215],[30.042676,55.836426],[29.937012,55.845264],[29.881641,55.832324],[29.823926,55.795117],[29.744141,55.77041],[29.68457,55.769727],[29.630078,55.751172],[29.482227,55.68457],[29.412988,55.724854],[29.353418,55.784375],[29.373145,55.834717],[29.397949,55.881055],[29.396094,55.912207],[29.375,55.938721],[29.283008,55.967871],[29.087402,56.021143],[29.031738,56.021777],[28.947461,56.0021],[28.794727,55.942578],[28.74082,55.955371],[28.69082,56.002637],[28.636914,56.061768],[28.563965,56.091992],[28.407031,56.089014],[28.39209,56.086719],[28.316309,56.052539],[28.284277,56.055908],[28.147949,56.14292],[28.17334,56.190332],[28.202051,56.2604],[28.191699,56.315576],[28.169238,56.386865],[28.11084,56.510693],[28.103125,56.545703],[28.00752,56.599854],[27.991602,56.645312],[27.941406,56.703711],[27.89209,56.741064],[27.881543,56.82417],[27.848633,56.853418],[27.806055,56.86709],[27.655664,56.843213],[27.639453,56.845654],[27.711133,56.978076],[27.717383,57.054639],[27.762793,57.135107],[27.814551,57.166895],[27.830273,57.194482],[27.838281,57.247705],[27.828613,57.293311],[27.796875,57.316943],[27.672754,57.368115],[27.538672,57.429785],[27.511133,57.508154],[27.469727,57.524023],[27.351953,57.528125],[27.354297,57.550293],[27.371777,57.612549],[27.4,57.666797],[27.491992,57.724951],[27.514746,57.764209],[27.54209,57.799414],[27.752832,57.841016],[27.776953,57.856738],[27.778516,57.870703],[27.76875,57.884131],[27.721973,57.905469],[27.673438,57.934619],[27.644141,58.013916],[27.571094,58.138086],[27.502441,58.221338],[27.487793,58.270068],[27.505566,58.32627],[27.530078,58.381494],[27.531348,58.435254],[27.427051,58.733057],[27.43418,58.787256],[27.464453,58.841309],[27.513086,58.886279],[27.621777,58.944971],[27.757617,59.052002],[27.849512,59.192676],[27.897656,59.277637],[27.938184,59.297021],[28.016406,59.301709],[28.046094,59.327832],[28.061328,59.343262],[28.12832,59.357568],[28.151074,59.374414],[28.133008,59.403076],[28.06582,59.453174],[28.0125,59.484277],[28.063965,59.554004],[28.046289,59.647168],[28.013965,59.724756],[28.058008,59.781543],[28.131152,59.786523],[28.2125,59.724658],[28.33457,59.692529],[28.42373,59.734082],[28.453906,59.814258],[28.518164,59.849561],[28.603906,59.818066],[28.747656,59.806689],[28.866895,59.811914],[28.947266,59.82876],[28.981543,59.854785],[29.013379,59.901562],[29.079102,59.960986],[29.147266,59.999756],[29.669727,59.955664],[30.122559,59.873584],[30.156836,59.904297],[30.172656,59.957129],[30.059961,60.002588],[29.976758,60.026367],[29.872266,60.12085],[29.721191,60.195312],[29.569336,60.201855],[29.37041,60.175928],[29.069141,60.191455],[28.812695,60.331543],[28.643164,60.375293],[28.522266,60.482959],[28.491602,60.540137],[28.622461,60.491602],[28.640332,60.542871],[28.650586,60.610986],[28.577832,60.652539],[28.512793,60.677295],[28.179297,60.570996],[27.797656,60.536133],[28.151953,60.74585],[28.407422,60.896924],[28.455078,60.919629],[28.568164,60.960205],[28.662891,61.002832],[28.739063,61.05874],[28.992969,61.169043],[29.25166,61.287793],[29.492383,61.444238],[29.579395,61.493457],[29.690137,61.546094],[29.933203,61.711572],[30.009961,61.757373],[30.306445,61.964844],[30.479688,62.068213],[30.565625,62.127588],[30.935742,62.323779],[31.186719,62.481396],[31.285645,62.567822],[31.382422,62.69165],[31.437305,62.776123],[31.533984,62.8854],[31.536523,62.921631],[31.509277,62.955322],[31.437012,63.007715],[31.336719,63.068066],[31.247461,63.141895],[31.180859,63.208301],[30.974805,63.300635],[30.655273,63.41748],[30.418555,63.504053],[30.055371,63.689014],[29.991504,63.735156],[30.004102,63.747314],[30.210254,63.80332],[30.415332,63.94751],[30.503906,64.020605],[30.526074,64.077295],[30.52793,64.141113],[30.51377,64.2],[30.487891,64.236523],[30.390625,64.282422],[30.108105,64.366113],[30.041895,64.443359],[29.986621,64.524268],[29.985547,64.557715],[30.120117,64.644629],[30.126172,64.688086],[30.110254,64.732568],[30.072852,64.765039],[29.783203,64.804297],[29.70166,64.845752],[29.6375,64.911768],[29.604199,64.968408],[29.600879,65.001953],[29.622461,65.039502],[29.72002,65.080322],[29.81084,65.10791],[29.826953,65.145068],[29.826172,65.185303],[29.810547,65.204736],[29.629688,65.223877],[29.612402,65.234766],[29.608008,65.248682],[29.617188,65.265332],[29.714844,65.336963],[29.728027,65.473438],[29.819434,65.56875],[29.715918,65.624561],[29.723926,65.634375],[29.882617,65.663623],[30.029004,65.670703],[30.095313,65.681689],[30.102734,65.72627],[30.0875,65.786523],[29.936621,66.022949],[29.903418,66.091064],[29.803516,66.177051],[29.720703,66.234863],[29.670898,66.276123],[29.590723,66.356836],[29.544336,66.439697],[29.464355,66.532178],[29.371191,66.617041],[29.293262,66.695508],[29.093066,66.849219],[29.066211,66.891748],[29.069043,66.930225],[29.087012,66.970947],[29.243359,67.096582],[29.387695,67.201416],[29.572266,67.324365],[29.750586,67.426416],[29.941211,67.547461],[29.988086,67.668262],[29.979199,67.688574],[29.821582,67.754004],[29.524219,67.929102],[29.343848,68.061865],[29.062988,68.117969],[28.685156,68.189795],[28.560156,68.351367],[28.470703,68.488379],[28.479297,68.537646],[28.752051,68.771436],[28.777637,68.813818],[28.772852,68.840039],[28.744824,68.856445],[28.705957,68.865527],[28.453516,68.872266],[28.414062,68.90415],[28.566016,68.928223],[28.692188,68.961035],[28.898926,69.009668],[28.96582,69.021973],[29.118555,69.049951],[29.170898,69.071533],[29.209961,69.097021],[29.353027,69.270605],[29.388281,69.298145],[29.832715,69.360449],[29.994043,69.39248],[30.087305,69.432861],[30.131836,69.464258],[30.16377,69.501611],[30.186719,69.542773],[30.196484,69.580566],[30.159766,69.629883],[30.180176,69.63584],[30.227539,69.633789],[30.379688,69.584717],[30.61543,69.532568],[30.788867,69.528516],[30.860742,69.538428],[30.89668,69.56123],[30.922461,69.605811],[30.924121,69.651758],[30.869727,69.783447],[31.049512,69.769238],[31.452734,69.6896],[31.546973,69.696924],[31.666211,69.720996],[31.788574,69.815771],[31.879395,69.831982],[31.997949,69.809912],[32.030566,69.835303],[31.969336,69.913916],[31.98457,69.953662],[32.391602,69.868701],[32.56543,69.806494],[32.941699,69.751855],[33.007812,69.722119],[33.012598,69.670508],[32.994629,69.626172],[32.915039,69.601709],[32.754297,69.605713],[32.176758,69.674023],[32.091504,69.632568],[32.161328,69.596631],[32.330566,69.554248],[32.377734,69.479102],[32.636816,69.489453],[32.883789,69.46084],[32.999805,69.470117],[33.020996,69.445605],[32.941602,69.38335],[32.978906,69.367334],[33.255859,69.427734],[33.384863,69.444287],[33.454297,69.428174],[33.463672,69.378174],[33.417969,69.315283],[33.412988,69.267432],[33.327734,69.151855],[33.196387,69.116846],[33.141211,69.068701],[33.333398,69.098193],[33.435645,69.130371],[33.627051,69.28916],[33.684375,69.310254],[34.229395,69.313135],[34.352734,69.30293],[34.863965,69.228076],[35.00957,69.22124],[35.175879,69.230811],[35.233203,69.265576],[35.289844,69.275439],[35.85791,69.191748],[36.618262,69.003467],[37.730566,68.692139],[38.357617,68.415137],[38.430176,68.355615],[38.656836,68.321875],[38.705566,68.344727],[38.831543,68.324902],[39.568945,68.071729],[39.82334,68.058594],[39.789746,68.112158],[39.746289,68.162207],[39.809277,68.15083],[39.895605,68.114502],[40.035742,68.015381],[40.206641,67.941895],[40.380664,67.831885],[40.525781,67.789697],[40.656543,67.774072],[40.766309,67.743018],[40.966406,67.713477],[41.060938,67.444189],[41.133887,67.386035],[41.133887,67.266943],[41.261719,67.218457],[41.358789,67.209668],[41.354297,67.121436],[41.275586,66.914307],[41.188965,66.826172],[40.521582,66.446631],[40.10332,66.299951],[39.289062,66.132031],[38.653906,66.069043],[38.397559,66.064453],[37.900684,66.095605],[37.628223,66.12959],[37.294824,66.225049],[36.983691,66.272559],[36.769922,66.293555],[36.373438,66.302295],[35.513477,66.395801],[35.363965,66.428662],[34.824609,66.611133],[34.610254,66.559619],[34.482617,66.550342],[34.396094,66.613184],[34.430859,66.629785],[34.451563,66.651221],[34.146094,66.703271],[33.893652,66.706738],[33.75957,66.750977],[33.59541,66.784619],[33.522949,66.764355],[33.482031,66.764551],[33.150195,66.843945],[33.001953,66.908301],[32.847559,67.021533],[32.885254,67.061133],[32.930469,67.086816],[32.399902,67.152686],[31.895313,67.161426],[31.983008,67.129834],[32.201563,67.113232],[32.340625,67.067871],[32.500977,67.003857],[32.463672,66.916309],[32.686426,66.829541],[32.857324,66.746924],[32.862402,66.721387],[32.928711,66.704102],[33.180566,66.679932],[33.224414,66.603857],[33.18291,66.573877],[33.217383,66.531641],[33.405273,66.484277],[33.517676,66.471387],[33.655957,66.442627],[33.593262,66.38457],[33.476953,66.346875],[33.360547,66.329541],[33.41582,66.315625],[33.566699,66.320996],[34.112695,66.225244],[34.399805,66.128418],[34.691797,65.951855],[34.786328,65.864551],[34.793164,65.816357],[34.776953,65.768262],[34.734766,65.716309],[34.715527,65.664062],[34.615723,65.509912],[34.544141,65.456689],[34.406445,65.395752],[34.535938,65.27793],[34.671094,65.168115],[34.803516,64.985986],[34.827148,64.912695],[34.832617,64.800195],[34.952246,64.755957],[34.905469,64.738672],[34.858301,64.706689],[34.869531,64.56001],[35.035352,64.440234],[35.284082,64.362549],[35.432031,64.346777],[35.64707,64.37832],[35.802051,64.335352],[36.146484,64.189014],[36.301953,64.034375],[36.364941,64.002832],[36.71377,63.945068],[36.975195,63.909521],[37.372754,63.816748],[37.442188,63.813379],[37.635352,63.893408],[37.967969,63.949121],[38.070801,64.02583],[38.062207,64.091016],[37.977148,64.207031],[37.953711,64.320117],[37.843555,64.366309],[37.740625,64.396973],[37.42959,64.373584],[37.289551,64.37793],[37.183691,64.408496],[37.04043,64.48916],[36.769336,64.685254],[36.624219,64.750537],[36.578711,64.790967],[36.528223,64.847363],[36.53457,64.938623],[36.65293,64.935449],[36.785938,64.987158],[36.882812,65.172363],[37.050195,65.195898],[37.14082,65.194287],[37.528125,65.108252],[38.009375,64.87876],[38.115723,64.85459],[38.228223,64.851221],[38.412109,64.85708],[38.441992,64.827148],[38.540918,64.79126],[38.613086,64.78667],[39.053516,64.713916],[39.567383,64.570557],[39.758008,64.577051],[39.833008,64.656396],[39.848633,64.690527],[40.057813,64.770752],[40.203711,64.784033],[40.407813,64.754883],[40.444922,64.778711],[40.375391,64.896289],[40.28125,64.998096],[40.142676,65.063281],[39.896484,65.254785],[39.798047,65.349854],[39.749121,65.447949],[39.781152,65.534717],[39.816504,65.597949],[40.327832,65.751709],[40.512793,65.843799],[40.691602,65.963428],[40.774414,65.987891],[41.076074,66.021094],[41.475781,66.123437],[41.780859,66.259326],[42.083594,66.465918],[42.210547,66.519678],[42.313672,66.514746],[42.450781,66.482422],[42.602148,66.42251],[42.806543,66.411328],[43.005957,66.420947],[43.233203,66.415527],[43.550879,66.321289],[43.60332,66.291211],[43.653125,66.250977],[43.550391,66.173389],[43.541895,66.123389],[43.623926,66.146729],[43.737012,66.158398],[43.84375,66.142383],[43.944141,66.098682],[44.016699,66.049756],[44.104395,66.008594],[44.132422,66.064551],[44.145313,66.112744],[44.097168,66.235059],[44.220703,66.40708],[44.316406,66.481689],[44.488672,66.671777],[44.437109,66.794629],[44.429297,66.937744],[44.403906,67.004199],[44.291797,67.099658],[44.074414,67.167334],[43.855371,67.188623],[43.782422,67.254492],[43.795703,67.32959],[43.856348,67.439307],[44.036426,67.670654],[44.225391,67.995605],[44.231543,68.07124],[44.213867,68.112598],[44.226465,68.154443],[44.204688,68.25376],[44.169141,68.3271],[43.404004,68.608545],[43.358008,68.635791],[43.333203,68.673389],[43.413281,68.681738],[43.471973,68.679834],[44.048047,68.548828],[44.175293,68.541748],[45.078125,68.578174],[45.519434,68.546533],[45.891992,68.479687],[46.158398,68.291357],[46.429688,68.118848],[46.683594,67.970459],[46.69043,67.848828],[46.428906,67.823682],[46.174219,67.818164],[45.528711,67.757568],[45.374121,67.688867],[44.939453,67.477441],[44.902148,67.413135],[44.939453,67.350781],[45.138867,67.284717],[45.562207,67.185596],[45.752539,66.98916],[45.885352,66.891064],[45.986035,66.853125],[46.083984,66.843506],[46.297754,66.842822],[46.448535,66.818994],[46.492383,66.800195],[46.552344,66.818994],[46.69082,66.825537],[47.496484,66.929834],[47.655859,66.975928],[47.709082,67.04502],[47.768066,67.275635],[47.839258,67.355713],[47.908203,67.454688],[47.882617,67.515332],[47.874707,67.58418],[48.278711,67.650391],[48.653809,67.695264],[48.833203,67.681494],[48.87793,67.731348],[48.762695,67.827002],[48.695703,67.874219],[48.754297,67.895947],[48.840625,67.869727],[48.953906,67.853809],[49.155273,67.87041],[49.93125,68.065137],[50.233203,68.175342],[50.414062,68.218359],[50.699414,68.317725],[50.838867,68.349951],[51.078516,68.36333],[51.336133,68.402441],[51.616699,68.476318],[51.994727,68.53877],[52.055664,68.541309],[52.128809,68.532031],[52.285352,68.459375],[52.227441,68.418604],[52.183496,68.374268],[52.25918,68.350928],[52.322266,68.339697],[52.39668,68.351709],[52.475,68.382129],[52.669727,68.426758],[52.722656,68.484033],[52.647656,68.506152],[52.550098,68.592432],[52.435059,68.610205],[52.344043,68.608154],[52.683594,68.731201],[53.412891,68.912549],[53.801953,68.995898],[54.18584,69.00332],[54.491211,68.992334],[54.37627,68.964746],[53.874414,68.926611],[53.797656,68.907471],[53.798242,68.884668],[53.919531,68.87124],[53.970605,68.844287],[53.929297,68.811865],[53.891211,68.801514],[53.833887,68.708936],[53.758887,68.633984],[53.917676,68.536963],[53.930859,68.435547],[53.829492,68.382666],[53.690039,68.402539],[53.566699,68.36709],[53.342578,68.343213],[53.293359,68.31167],[53.260547,68.26748],[53.403125,68.256836],[53.515137,68.259668],[53.913672,68.231201],[53.967871,68.227344],[54.099219,68.259033],[54.23291,68.266309],[54.393945,68.275098],[54.476172,68.294141],[54.56123,68.273047],[54.717969,68.18418],[54.861328,68.201855],[54.923047,68.373828],[55.150879,68.480029],[55.418066,68.567822],[55.675293,68.575879],[55.924609,68.637305],[56.043652,68.648877],[56.275684,68.624072],[56.620215,68.619043],[56.909375,68.566699],[57.126855,68.554004],[57.444336,68.641504],[58.173047,68.889746],[58.237012,68.833936],[58.353906,68.916211],[58.918945,69.003809],[59.057324,69.006055],[59.059863,68.972559],[59.110156,68.896289],[59.22041,68.849609],[59.370508,68.738379],[59.29834,68.708447],[59.222559,68.691309],[59.112305,68.616309],[59.099023,68.444336],[59.310742,68.400293],[59.604297,68.351123],[59.725684,68.351611],[59.827539,68.380322],[59.858789,68.396045],[59.897363,68.421924],[59.922852,68.471338],[59.941406,68.510498],[59.865137,68.604932],[59.895996,68.706348],[60.160254,68.699512],[60.48916,68.728955],[60.637695,68.787012],[60.815137,68.895215],[60.933594,68.986768],[60.858594,69.145508],[60.664551,69.110254],[60.337305,69.457031],[60.170605,69.590918],[60.276465,69.652637],[60.558691,69.692334],[60.812988,69.821143],[60.909082,69.847119],[61.015918,69.851465],[61.770508,69.763037],[62.63125,69.743115],[63.361426,69.675293],[64.19043,69.534668],[64.592188,69.435645],[64.928516,69.325391],[64.896289,69.247803],[65.031543,69.269824],[65.326758,69.201367],[65.52793,69.173438],[65.735742,69.132324],[65.812695,69.077002],[66.084766,69.036328],[66.365625,68.961328],[66.416113,68.947852],[66.756445,68.891992],[67.002441,68.873584],[67.149219,68.753955],[67.639648,68.579297],[67.730762,68.513672],[68.156934,68.403662],[68.371191,68.314258],[68.504199,68.348438],[68.829492,68.567432],[69.024316,68.817969],[69.140527,68.950635],[68.924414,68.956201],[68.762891,68.917383],[68.65957,68.927393],[68.542773,68.96709],[68.355078,69.067578],[68.117383,69.23623],[68.073047,69.420801],[68.005859,69.480029],[67.774316,69.52998],[67.624121,69.584424],[67.064453,69.693701],[66.964063,69.655566],[66.93418,69.59668],[66.89668,69.553809],[66.840234,69.60918],[66.804004,69.659229],[66.80293,69.740137],[66.832227,69.842187],[66.926367,70.014258],[67.069043,70.005615],[67.144434,70.030615],[67.239258,70.108057],[67.197461,70.171631],[67.146484,70.219922],[67.156836,70.295117],[67.246875,70.500098],[67.284766,70.738721],[67.211523,70.798438],[67.143359,70.837549],[66.822461,70.797363],[66.702246,70.818506],[66.675195,70.864697],[66.666113,70.900586],[66.758789,70.962354],[66.84707,71.063721],[66.692578,71.041699],[66.639648,71.081396],[66.768066,71.139893],[66.917578,71.282373],[67.274219,71.347852],[67.541797,71.412012],[67.959375,71.548389],[68.269238,71.682812],[68.469434,71.852637],[68.607422,72.012744],[68.829688,72.391553],[69.039062,72.669922],[69.391406,72.955518],[69.611816,72.981934],[69.694336,72.977539],[69.708984,72.956396],[69.658789,72.931836],[69.645117,72.897559],[69.738281,72.884961],[69.8875,72.882568],[70.172168,72.901172],[70.655371,72.890381],[71.500195,72.913672],[71.616992,72.9021],[71.92959,72.819678],[72.100977,72.829004],[72.446387,72.790332],[72.633789,72.744482],[72.812109,72.691406],[72.787402,72.482959],[72.75293,72.343164],[72.624414,72.079443],[72.574121,72.012549],[72.375,71.821631],[72.279492,71.695508],[72.129688,71.60918],[71.912012,71.547949],[71.884375,71.511377],[71.867285,71.457373],[72.079297,71.306689],[72.581348,71.151123],[72.704492,70.963232],[72.731641,70.822852],[72.7,70.457324],[72.65332,70.403418],[72.561914,70.345557],[72.469434,70.274951],[72.529688,70.17251],[72.599414,69.793213],[72.615625,69.484033],[72.557324,69.378418],[72.527051,69.154248],[72.527344,69.080518],[72.576758,68.968701],[72.67832,68.874854],[72.811914,68.815234],[73.190723,68.706787],[73.548047,68.574512],[73.573438,68.532617],[73.591699,68.481885],[73.465234,68.430762],[73.266406,68.294482],[73.139453,68.181348],[73.129395,68.090918],[73.173047,67.973047],[73.152148,67.865039],[73.066797,67.766943],[72.94873,67.69624],[72.594336,67.586963],[71.847461,67.007617],[71.668164,66.939697],[71.365234,66.961523],[71.448926,66.878955],[71.551172,66.760449],[71.539551,66.683105],[71.341992,66.686719],[71.065625,66.604492],[70.939453,66.548145],[70.724902,66.519434],[70.561426,66.548682],[70.382812,66.60249],[70.408887,66.647607],[70.442578,66.668262],[70.567969,66.700879],[70.690723,66.745312],[70.630762,66.754199],[70.579102,66.75376],[70.443945,66.697314],[70.283398,66.685791],[70.09375,66.754346],[69.948633,66.82998],[69.877148,66.845459],[69.74043,66.8146],[69.217773,66.828613],[69.078711,66.815918],[69.013477,66.78833],[69.051172,66.766357],[69.091113,66.723584],[69.143945,66.640723],[69.194336,66.578662],[69.412012,66.510742],[69.700977,66.48457],[69.982422,66.401416],[70.339453,66.342383],[71.145508,66.36665],[71.358008,66.359424],[71.565625,66.33374],[71.916992,66.246729],[72.067578,66.25332],[72.321582,66.332129],[72.383984,66.506543],[72.417383,66.560791],[73.341602,66.806836],[73.513574,66.861084],[73.79209,66.995312],[73.883301,67.084961],[73.98623,67.327686],[74.074512,67.414111],[74.676074,67.694629],[74.769531,67.766357],[74.787305,67.89751],[74.778223,67.985938],[74.742676,68.073535],[74.632422,68.218311],[74.51123,68.303076],[74.391406,68.420605],[74.480957,68.658887],[74.57959,68.751221],[75.124609,68.861719],[75.589551,68.901172],[76.10752,68.975732],[76.316016,68.991504],[76.45918,68.978271],[76.605762,68.897607],[76.735059,68.776904],[77.111719,68.596191],[77.238477,68.46958],[77.261035,68.315576],[77.248438,67.941016],[77.174414,67.778516],[77.325098,67.735645],[77.395605,67.698682],[77.579199,67.643945],[77.675098,67.5896],[77.771582,67.570264],[77.985547,67.55918],[78.589551,67.578467],[78.922461,67.589111],[78.887598,67.613135],[78.839063,67.631201],[78.559082,67.639111],[78.16123,67.678369],[77.588281,67.751904],[77.520117,67.909619],[77.535937,68.007666],[77.664844,68.190381],[77.756836,68.222363],[77.868262,68.234717],[77.995117,68.259473],[77.958691,68.377051],[77.906836,68.482275],[77.785254,68.630469],[77.650684,68.903027],[77.466309,68.905127],[77.32832,68.958643],[76.644922,69.117383],[76.000977,69.235059],[75.561133,69.251807],[75.42002,69.238623],[75.053516,69.116309],[74.814844,69.090576],[74.362598,69.14458],[73.977441,69.114648],[73.836035,69.143213],[73.775684,69.198242],[73.890918,69.417969],[73.832715,69.503906],[73.663281,69.61709],[73.560156,69.707227],[73.578125,69.802979],[73.830176,70.175684],[73.937402,70.272852],[74.206738,70.445459],[74.343359,70.578711],[74.310938,70.653613],[73.731543,71.068701],[73.576563,71.216504],[73.507227,71.263525],[73.365234,71.319775],[73.150488,71.385205],[73.08623,71.444922],[73.671777,71.845068],[73.939453,71.914746],[74.31123,71.957813],[74.489063,71.997021],[74.804102,72.077393],[74.992188,72.144824],[75.053223,72.199219],[75.089941,72.263135],[75.09707,72.420654],[75.060352,72.548779],[75.008008,72.619434],[74.896875,72.710107],[74.786816,72.811865],[74.864941,72.838428],[74.942188,72.853809],[75.152441,72.852734],[75.369336,72.796631],[75.474902,72.68501],[75.603516,72.581055],[75.603125,72.512158],[75.591406,72.457227],[75.644336,72.382275],[75.691113,72.35],[75.741406,72.29624],[75.694434,72.253516],[75.644336,72.232324],[75.550195,72.170801],[75.394531,71.983203],[75.273828,71.958936],[75.247461,71.813379],[75.503223,71.654639],[75.468555,71.534375],[75.417188,71.494678],[75.280273,71.430078],[75.298047,71.378467],[75.332031,71.341748],[75.733594,71.265918],[76.110449,71.218555],[76.741992,71.202051],[76.929004,71.127881],[76.995215,71.181055],[77.589648,71.16792],[78.068262,70.986328],[78.320605,70.93042],[78.525781,70.911816],[78.942187,70.933789],[79.01543,70.950195],[79.083887,71.002002],[78.888672,70.997168],[78.803516,70.973535],[78.723926,70.975977],[78.587695,70.993896],[78.491406,71.025391],[78.386523,71.087109],[78.212598,71.266309],[77.908398,71.324072],[77.706641,71.300586],[77.481055,71.311572],[77.113672,71.409375],[76.871191,71.446582],[76.433398,71.55249],[76.312109,71.595459],[76.215723,71.682861],[76.103613,71.829004],[76.032422,71.9104],[76.124023,71.926611],[76.42168,72.006006],[76.871387,72.033008],[77.061328,72.004199],[77.550781,71.84209],[77.777539,71.836426],[78.186914,71.90708],[78.232422,71.952295],[78.14082,72.044678],[78.016406,72.092041],[77.780664,72.114307],[77.492871,72.071729],[77.41084,72.107764],[77.439746,72.156543],[77.471582,72.192139],[77.625293,72.201416],[77.733203,72.229199],[77.968164,72.328711],[78.225391,72.377441],[78.482617,72.394971],[79.42207,72.380762],[79.953906,72.223047],[80.474023,72.153125],[80.699219,72.098291],[80.7625,72.08916],[80.814746,72.054297],[80.856055,71.970215],[81.51123,71.746143],[81.661621,71.715967],[82.079883,71.706836],[82.547266,71.758594],[82.757812,71.764111],[82.986133,71.748682],[83.106641,71.720508],[83.233594,71.668164],[83.165527,71.602197],[83.105664,71.562451],[82.977051,71.451367],[82.917969,71.419922],[82.493164,71.292871],[82.322852,71.26001],[82.276953,71.093457],[82.254297,71.056201],[82.23916,70.997705],[82.316016,70.879443],[82.335938,70.807373],[82.270703,70.706738],[82.163184,70.598145],[82.182422,70.511475],[82.221191,70.395703],[82.23584,70.430273],[82.231445,70.48291],[82.258398,70.543604],[82.45166,70.690088],[82.59248,70.889941],[82.737793,70.94209],[82.869141,70.954834],[83.010156,70.89541],[83.051074,70.815234],[83.058398,70.694727],[83.030176,70.580518],[82.919824,70.407422],[82.74248,70.286475],[82.682324,70.217725],[82.767285,70.154053],[82.856543,70.104541],[82.961035,70.088281],[83.080762,70.093018],[83.10957,70.10957],[83.132031,70.157178],[83.094141,70.221094],[83.073828,70.276709],[83.293457,70.321338],[83.49707,70.345264],[83.659863,70.418359],[83.700488,70.466406],[83.735938,70.546484],[83.65127,70.672217],[83.578906,70.765918],[83.333887,70.988525],[83.15127,71.103613],[83.266016,71.275879],[83.457617,71.467529],[83.531055,71.514258],[83.550488,71.543652],[83.571289,71.594385],[83.553516,71.649805],[83.534375,71.683936],[83.34043,71.827539],[83.200293,71.874707],[82.755078,71.902832],[82.64541,71.925244],[82.319141,72.071826],[82.280664,72.105127],[82.209277,72.211182],[82.183594,72.237549],[82.093652,72.26543],[81.792871,72.326611],[81.58623,72.351709],[81.282715,72.358838],[81.098145,72.389746],[80.827051,72.488281],[80.797754,72.519971],[80.719629,72.6479],[80.65625,72.712012],[80.675391,72.75918],[80.77373,72.860791],[80.841602,72.94917],[80.757422,73.025244],[80.638672,73.04917],[80.509668,73.086084],[80.455469,73.155225],[80.424512,73.231152],[80.418945,73.289648],[80.398047,73.356836],[80.458301,73.413721],[80.595898,73.474023],[80.561914,73.51499],[80.583203,73.568457],[81.468848,73.64043],[81.816992,73.658838],[83.544727,73.666504],[83.666992,73.686475],[84.417383,73.722021],[84.737891,73.762842],[85.077441,73.719531],[85.200586,73.721533],[85.44834,73.734619],[85.611426,73.821582],[85.979297,73.856934],[86.591406,73.894287],[86.892969,73.887109],[86.961328,73.860742],[87.029492,73.82417],[86.697656,73.716846],[86.365918,73.619775],[86.094141,73.57832],[85.827051,73.492773],[85.800488,73.458936],[85.792578,73.43833],[85.802441,73.37168],[85.818164,73.326953],[86.098145,73.272607],[86.30791,73.195752],[86.514355,73.140479],[86.677051,73.106787],[86.715039,73.12583],[86.12168,73.306738],[85.970801,73.34707],[85.910059,73.39043],[85.938965,73.456494],[85.998926,73.48584],[86.092383,73.519141],[86.155078,73.534668],[86.37627,73.568848],[87.120117,73.615039],[87.294434,73.704688],[87.369531,73.755908],[87.571191,73.810742],[87.503223,73.832471],[87.3375,73.846045],[87.209668,73.878662],[86.69707,74.195312],[86.571094,74.24375],[86.177832,74.279395],[86.001367,74.316016],[86.18291,74.423047],[86.395801,74.450098],[86.538477,74.444238],[86.664746,74.414258],[86.897949,74.325342],[87.229688,74.363867],[87.106152,74.403564],[86.894238,74.449707],[86.700098,74.522461],[86.425684,74.585498],[86.116113,74.628564],[85.791016,74.645117],[85.880762,74.740234],[86.058887,74.728223],[86.119531,74.757422],[86.20127,74.816211],[86.651465,74.682422],[86.862891,74.717871],[87.041797,74.778857],[87.419336,74.940918],[87.467578,75.013232],[87.287402,75.052539],[87.140723,75.072266],[86.939063,75.068115],[86.92168,75.112793],[87.005957,75.169824],[87.170801,75.191748],[87.671387,75.12959],[88.503711,75.290479],[88.733105,75.369189],[89.310254,75.470117],[89.595117,75.458252],[90.184961,75.591064],[91.004687,75.649561],[91.479492,75.649658],[91.84541,75.723682],[92.40752,75.749658],[92.602539,75.779102],[93.549805,75.854102],[94.075195,75.912891],[94.156348,75.959229],[93.687012,75.921582],[93.574023,75.956299],[93.475488,75.932861],[93.406055,75.90127],[93.178125,75.958984],[93.116309,75.944629],[93.068652,75.912842],[92.986621,75.902686],[92.89043,75.909961],[92.858594,75.979492],[92.971582,76.075098],[93.104883,76.02583],[93.259277,76.098779],[93.35957,76.100732],[93.648438,76.05415],[93.842871,76.101318],[94.102344,76.123584],[94.388281,76.102783],[94.506738,76.107959],[94.575586,76.151758],[95.038477,76.113525],[95.359277,76.1396],[95.578711,76.137305],[95.919922,76.113135],[96.075488,76.081982],[95.986035,76.009668],[95.65332,75.892188],[95.743848,75.872314],[95.934766,75.926025],[96.508594,76.005566],[96.600586,75.989893],[96.537695,75.921631],[96.49707,75.891211],[96.879199,75.931055],[97.205469,76.018701],[97.350684,76.033398],[97.499219,75.980225],[97.637695,76.029053],[97.669824,76.078027],[97.918359,76.088672],[98.02002,76.133691],[98.194629,76.166406],[98.341992,76.180566],[98.662012,76.242676],[98.771289,76.224023],[98.984668,76.207568],[99.187305,76.177637],[99.562695,76.109326],[99.615625,76.082324],[99.663184,76.078027],[99.77041,76.02876],[99.689258,75.956348],[99.602344,75.852051],[99.442187,75.803174],[99.540723,75.798584],[99.609375,75.811279],[99.7375,75.880664],[99.851367,75.930273],[99.825391,76.135937],[99.616797,76.240186],[99.460645,76.275098],[99.093848,76.384326],[98.969531,76.430811],[98.805664,76.480664],[98.869434,76.50957],[99.57627,76.471436],[99.935742,76.489893],[100.322363,76.47915],[100.84375,76.525195],[101.060742,76.477246],[101.310742,76.478906],[101.597754,76.439209],[101.683789,76.485498],[101.212988,76.535693],[101.002637,76.530518],[100.928027,76.556738],[101.00625,76.615088],[101.099316,76.704004],[101.008203,76.781348],[100.92041,76.82251],[100.905859,76.900684],[100.989941,76.990479],[101.185742,77.028564],[101.292871,77.101562],[101.517676,77.198096],[102.610156,77.508545],[103.131445,77.626465],[103.33125,77.641064],[103.560742,77.631934],[104.014551,77.73042],[104.184863,77.730469],[104.814258,77.6521],[104.965234,77.594727],[105.308984,77.549219],[105.710254,77.525244],[105.894531,77.488867],[105.983398,77.447607],[106.05957,77.390527],[105.73418,77.352002],[105.38457,77.237842],[104.911914,77.174707],[104.323633,77.132666],[104.202441,77.101807],[105.320215,77.092334],[105.645898,77.100684],[105.712012,77.001465],[105.822168,76.99751],[106.14541,77.045312],[106.338672,77.047852],[106.705078,77.01377],[106.783691,77.031787],[106.941602,77.034375],[107.278906,76.990967],[107.429785,76.926563],[107.190234,76.822021],[106.940918,76.730469],[106.63877,76.573389],[106.545508,76.586279],[106.384668,76.589453],[106.413574,76.512256],[106.683203,76.514697],[106.825391,76.480078],[107.157715,76.524072],[107.624219,76.510107],[107.722168,76.522314],[107.902246,76.569678],[107.949902,76.660645],[108.02793,76.718457],[108.181641,76.737842],[108.352051,76.719531],[108.638379,76.720117],[109.369336,76.749219],[109.981152,76.711865],[110.471484,76.758398],[111.114844,76.723047],[111.39248,76.68667],[111.600586,76.622314],[111.786133,76.603564],[111.938672,76.553418],[112.093945,76.480322],[112.016797,76.420557],[111.942676,76.380469],[112.142773,76.423975],[112.29707,76.434668],[112.413281,76.408301],[112.619531,76.383545],[112.68418,76.218848],[112.742578,76.186914],[112.798438,76.129639],[112.721875,76.077197],[112.65625,76.053564],[112.818945,76.058594],[113.04668,76.114111],[113.094043,76.13291],[113.150391,76.174512],[113.066016,76.215234],[112.987988,76.239746],[113.086035,76.258105],[113.272656,76.25166],[113.365527,76.178857],[113.427734,76.112109],[113.563867,75.89165],[113.857227,75.921289],[113.870996,75.856006],[113.74873,75.704785],[113.619922,75.592676],[113.567578,75.568408],[113.485938,75.563965],[113.517188,75.621875],[113.469043,75.656689],[113.391602,75.677881],[113.126367,75.698682],[112.629199,75.8354],[112.49668,75.849902],[112.466113,75.843652],[112.453027,75.830176],[112.72959,75.737646],[112.955664,75.571924],[113.161523,75.620508],[113.242969,75.611426],[113.35625,75.534277],[113.558887,75.502051],[113.726172,75.450635],[113.613574,75.292969],[112.924902,75.015039],[112.191992,74.853174],[111.868262,74.740039],[111.299023,74.658447],[110.892773,74.548096],[110.373535,74.466064],[110.225879,74.378662],[109.840332,74.321973],[109.866406,74.293066],[109.911328,74.261328],[109.863867,74.208887],[109.810254,74.169189],[109.51084,74.088818],[109.075,74.032324],[108.199512,73.694092],[107.76543,73.625],[107.271094,73.621045],[107.166992,73.589404],[106.794238,73.37666],[106.679395,73.330664],[106.188672,73.308008],[105.677148,72.959277],[105.392773,72.841016],[105.143945,72.777051],[105.402734,72.789941],[105.708203,72.83667],[106.066699,72.949854],[106.15957,73.002002],[106.208789,73.060547],[106.315039,73.106396],[106.47793,73.139404],[107.108789,73.177295],[107.36875,73.163135],[107.750391,73.173145],[108.00127,73.235596],[108.150977,73.25791],[108.285352,73.265869],[108.351465,73.310205],[108.575391,73.319043],[109.089941,73.378418],[109.165625,73.399609],[109.331055,73.487451],[109.637109,73.454004],[109.855273,73.472461],[110.428711,73.628906],[110.77334,73.68916],[110.868164,73.730713],[110.799219,73.759766],[110.722363,73.779932],[110.388281,73.726025],[110.091211,73.708545],[109.752734,73.722559],[109.706738,73.74375],[109.665625,73.800244],[109.774121,73.88125],[109.869141,73.930615],[110.083887,73.994385],[110.261426,74.017432],[110.920117,73.9479],[111.05625,73.939355],[111.130859,74.052832],[111.341406,74.047363],[111.550586,74.028516],[111.459961,74.004834],[111.228125,73.968555],[111.299512,73.884863],[111.400391,73.827734],[111.803711,73.745264],[112.147266,73.708936],[112.4,73.711133],[112.79541,73.746094],[112.855957,73.771143],[112.939648,73.835645],[112.835938,73.962061],[112.934961,73.945703],[113.032813,73.913867],[113.181543,73.837402],[113.326855,73.707422],[113.416211,73.647607],[113.364453,73.582764],[113.156934,73.45957],[113.276953,73.391504],[113.490918,73.346094],[113.487598,73.145117],[113.474609,73.047852],[113.369336,72.941895],[113.247363,72.897217],[113.127832,72.830664],[113.158203,72.769482],[113.186133,72.730176],[113.312207,72.657373],[113.664551,72.634521],[113.711914,72.65415],[113.630078,72.6771],[113.391406,72.711035],[113.298145,72.738867],[113.215527,72.805859],[113.311523,72.87832],[113.41748,72.932178],[113.542773,73.054346],[113.581445,73.142236],[113.558887,73.232617],[113.63916,73.273584],[113.765234,73.317969],[113.829297,73.326562],[113.88623,73.345801],[113.795117,73.367432],[113.711328,73.378564],[113.539453,73.433643],[113.510352,73.50498],[113.856934,73.533398],[114.060547,73.584668],[114.816016,73.607178],[115.337695,73.702588],[116.495508,73.676074],[117.308594,73.59917],[118.450195,73.589795],[118.870898,73.537891],[118.91123,73.518359],[118.936426,73.481201],[118.754492,73.464502],[118.457031,73.464404],[118.376563,73.367236],[118.430273,73.246533],[118.960352,73.117285],[119.425293,73.063965],[119.750391,72.979102],[119.92168,72.971338],[120.597949,72.981104],[120.997168,72.936719],[121.354297,72.97085],[121.747852,72.969678],[121.886035,72.960889],[122.029785,72.897217],[122.260156,72.880566],[122.5375,72.877783],[122.69209,72.89082],[122.751953,72.906494],[122.730859,72.931299],[122.501953,72.970654],[122.526758,73.016699],[122.615234,73.02793],[122.999316,72.964648],[123.160352,72.954883],[123.301172,73.001807],[123.40459,73.085645],[123.461621,73.144189],[123.521875,73.1729],[123.572461,73.177344],[123.622266,73.193262],[123.500977,73.261621],[123.383887,73.347314],[123.355273,73.40249],[123.322656,73.430811],[123.305078,73.53291],[123.416211,73.636865],[123.491113,73.666357],[123.796875,73.626758],[123.933887,73.689307],[124.019043,73.712305],[124.388086,73.754834],[124.541211,73.75127],[124.796289,73.711768],[125.61709,73.520605],[125.598535,73.447412],[125.794434,73.468457],[125.887891,73.498096],[126.107422,73.51748],[126.254492,73.548193],[126.295996,73.53667],[126.344922,73.506299],[126.308887,73.463672],[126.257422,73.419775],[126.29248,73.394189],[126.335449,73.38877],[126.552539,73.334912],[126.838477,73.43418],[126.955176,73.528223],[127.031348,73.547461],[127.740332,73.481543],[127.955078,73.445557],[127.996875,73.425635],[128.025684,73.390771],[128.141699,73.352393],[128.281445,73.330566],[128.26416,73.300732],[128.257812,73.26748],[128.587012,73.262402],[128.730469,73.233398],[128.888672,73.190234],[128.87168,73.139355],[128.913379,73.110596],[129.05918,73.10752],[129.100586,73.112354],[129.053711,73.04541],[128.853516,72.972607],[128.735254,72.943262],[128.599023,72.895166],[128.674023,72.885889],[129.017285,72.872461],[129.229102,72.775732],[129.250391,72.705176],[129.117578,72.676953],[128.815332,72.585889],[128.633398,72.550146],[128.508496,72.547314],[128.418262,72.535156],[128.549414,72.49585],[129.116602,72.485742],[129.281348,72.437695],[129.411719,72.315479],[129.410645,72.166309],[129.283496,72.092041],[128.934961,72.079492],[128.475195,72.245557],[128.196973,72.309619],[127.803418,72.434033],[127.726074,72.413184],[127.841406,72.308252],[128.026563,72.25],[128.358789,72.08833],[128.911426,71.755322],[129.040137,71.782422],[129.116602,71.824609],[129.154199,71.878662],[129.121582,71.953223],[129.210254,71.916943],[129.291797,71.850195],[129.46084,71.739307],[129.23418,71.744824],[128.949023,71.707568],[128.843262,71.663477],[128.922656,71.601758],[129.134277,71.592871],[129.224512,71.508838],[129.389844,71.404883],[129.761914,71.119531],[130.025977,71.065381],[130.28125,70.947314],[130.537109,70.892529],[130.668457,70.88833],[130.757129,70.962354],[130.831934,70.935889],[130.898047,70.803564],[131.021582,70.746094],[131.157422,70.742188],[131.268262,70.765527],[131.432324,70.828271],[131.562012,70.901025],[131.769043,71.101416],[131.906445,71.202637],[132.035352,71.244043],[131.99082,71.293213],[132.003711,71.350195],[132.098828,71.483984],[132.227637,71.642773],[132.325781,71.726221],[132.562305,71.895313],[132.653906,71.925977],[132.71582,71.871484],[132.768555,71.79873],[132.803613,71.767578],[132.839258,71.755176],[133.130859,71.606689],[133.426172,71.490967],[133.688867,71.434229],[134.102832,71.378955],[134.702734,71.386816],[134.813867,71.460596],[135.022363,71.515039],[135.359375,71.543506],[135.55918,71.610352],[135.884766,71.630566],[136.090332,71.61958],[136.406152,71.570752],[137.11582,71.415674],[137.31543,71.359424],[137.41748,71.299023],[137.650586,71.208154],[137.797852,71.163916],[137.939648,71.133398],[137.991699,71.142725],[137.97373,71.168652],[137.901953,71.194043],[137.844043,71.226807],[138.012695,71.26084],[138.03252,71.28584],[138.090625,71.307422],[138.314063,71.325537],[138.097168,71.358594],[138.022168,71.363428],[137.918359,71.384082],[137.927344,71.429785],[137.995703,71.463525],[138.04834,71.525977],[138.118457,71.566162],[138.23418,71.596338],[138.318066,71.602832],[138.525195,71.562744],[138.67002,71.634814],[138.780176,71.629004],[139.004883,71.556055],[139.209375,71.444775],[139.320215,71.444727],[139.632129,71.489258],[139.98418,71.491504],[139.93877,71.557666],[139.695117,71.700439],[139.722949,71.884961],[139.552344,71.926709],[139.359277,71.951367],[139.640234,71.99834],[139.84707,72.148584],[140.014063,72.162109],[140.187695,72.191309],[140.134375,72.209619],[139.616992,72.225684],[139.505273,72.207666],[139.430469,72.163477],[139.176367,72.163477],[139.14502,72.264404],[139.14082,72.329736],[139.473633,72.466504],[139.601172,72.496094],[140.450586,72.493115],[140.705078,72.518945],[141.079297,72.586914],[140.983203,72.630029],[140.972852,72.716992],[140.652344,72.842822],[140.675977,72.871631],[140.708105,72.890039],[140.808203,72.890967],[141.309766,72.857715],[141.518359,72.788672],[142.061426,72.720801],[143.51582,72.698242],[143.680957,72.673193],[144.303906,72.643018],[144.568652,72.609912],[145.199316,72.570215],[145.485742,72.54209],[145.71416,72.497363],[146.083301,72.471387],[146.25293,72.442236],[146.234766,72.349707],[145.46709,72.362061],[145.212891,72.392676],[144.897461,72.39624],[144.776367,72.382275],[144.587598,72.305518],[144.360938,72.265332],[144.169238,72.258789],[144.294922,72.192627],[144.470703,72.174756],[145.03916,72.259863],[146.594141,72.302441],[146.831836,72.29541],[146.807031,72.236572],[146.599219,72.123535],[146.40166,72.035498],[146.113281,71.944971],[146.005859,71.945459],[146.230273,72.1375],[146.137305,72.146484],[146.051465,72.142285],[145.799414,72.221875],[145.758594,72.225879],[145.709668,72.206348],[145.710156,72.177588],[145.664062,72.066992],[145.756738,72.020654],[145.756738,71.941309],[145.407227,71.890137],[145.271191,71.894629],[145.125781,71.927148],[145.063965,71.926074],[145.046875,71.901025],[145.077734,71.854639],[145.07373,71.830859],[145.017871,71.793701],[144.989648,71.753369],[145.075586,71.707373],[145.188574,71.695801],[145.804785,71.746484],[146.073242,71.80835],[146.367969,71.92207],[146.894727,72.19751],[147.127051,72.292041],[147.261816,72.327881],[147.433984,72.340918],[148.402051,72.311963],[148.964844,72.252344],[149.501563,72.164307],[149.766211,72.09126],[149.963086,71.992188],[149.998145,71.950488],[150.016895,71.895654],[149.881055,71.843018],[149.279688,71.825537],[149.04873,71.795752],[148.965332,71.762793],[148.954883,71.744141],[148.92334,71.714648],[148.968164,71.690479],[149.237891,71.687939],[149.498047,71.664014],[149.857129,71.601465],[149.912695,71.580713],[150.026465,71.521338],[150.06084,71.51084],[150.599805,71.520117],[150.634863,71.498877],[150.667773,71.455225],[150.525098,71.38584],[150.384766,71.338818],[150.097656,71.226562],[150.242969,71.267188],[150.82168,71.362891],[150.967773,71.380469],[151.145313,71.37373],[151.582422,71.286963],[151.759766,71.217822],[152.092773,71.023291],[151.999805,71.00249],[151.762012,70.982471],[152.508789,70.834473],[152.79834,70.835645],[153.460645,70.878613],[153.794141,70.87998],[154.413965,70.974463],[155.029492,71.034229],[155.595898,71.038623],[155.895215,71.095508],[156.68457,71.09375],[157.447363,71.074512],[158.037012,71.039258],[158.702148,70.93501],[159.350684,70.790723],[159.72793,70.649658],[159.804688,70.604932],[159.911816,70.506104],[159.958594,70.423633],[160.006445,70.309668],[159.983398,70.221387],[159.889648,70.158789],[159.831445,70.081445],[159.83916,69.98999],[159.729395,69.870215],[159.83252,69.784961],[160.119141,69.729785],[160.739453,69.655176],[160.910742,69.606348],[160.928906,69.458545],[160.982031,69.334473],[161.035547,69.098193],[161.14082,69.038867],[161.309863,68.982275],[161.340625,68.905176],[161.129004,68.653857],[160.99668,68.60752],[160.856055,68.53833],[161.104492,68.5625],[161.230176,68.653906],[161.365137,68.822998],[161.495313,68.849854],[161.565625,68.905176],[161.565625,69.063965],[161.480078,69.201709],[161.480078,69.300098],[161.536914,69.379541],[161.945117,69.545117],[162.166016,69.611572],[162.375684,69.649072],[162.944629,69.682764],[163.201367,69.714746],[163.498047,69.693262],[163.705273,69.701807],[163.945996,69.735156],[164.15957,69.719287],[164.513281,69.609131],[165.760742,69.584424],[165.980469,69.545996],[166.820312,69.499561],[166.884375,69.499902],[167.073145,69.554443],[167.628125,69.740332],[167.856836,69.728223],[167.950098,69.69917],[168.047656,69.625635],[168.15,69.577393],[168.22998,69.447021],[168.303027,69.271484],[168.423047,69.239502],[168.587598,69.228369],[168.946191,69.16333],[169.310645,69.079541],[169.414648,68.919629],[169.609863,68.786035],[170.065625,68.798682],[170.537598,68.825391],[170.99541,69.045312],[170.99668,69.134717],[170.883789,69.263623],[170.71416,69.388232],[170.582227,69.58335],[170.160938,69.626563],[170.201172,69.683203],[170.35957,69.750977],[170.503125,69.856543],[170.525391,69.937891],[170.486816,70.107568],[170.867969,70.096045],[171.24668,70.076123],[171.970508,70.000342],[172.55957,69.968359],[172.869238,69.919775],[173.056348,69.864941],[173.277441,69.823828],[173.35332,69.924023],[173.438672,69.946826],[173.733398,69.891113],[173.948047,69.874121],[174.319434,69.881641],[174.785547,69.855664],[175.295605,69.860059],[175.751172,69.90415],[175.921484,69.895313],[176.10752,69.860303],[176.410449,69.768506],[176.924414,69.645996],[177.394531,69.611621],[177.933691,69.495605],[178.442773,69.452979],[178.84834,69.387207],[178.906934,69.362109],[178.925,69.325977],[178.950684,69.295801],[179.272656,69.259668],[179.868262,69.012695],[180,68.983447],[180,65.067236],[179.827344,65.03418],[179.651367,64.920947],[179.448242,64.822021],[179.15,64.781592],[178.698438,64.631104],[178.519531,64.602979],[178.285352,64.672266],[177.748633,64.717041],[177.581641,64.777881],[177.337012,64.931348],[177.251855,64.953613],[177.179199,65.014111],[176.880859,65.081934],[176.624805,65.037598],[176.413086,65.07124],[176.341016,65.047314],[176.452148,65.025244],[176.645508,65.007178],[176.940039,65.016016],[177.037305,64.999658],[177.123438,64.947021],[177.222852,64.86167],[177.148242,64.804834],[177.06875,64.78667],[176.831055,64.849219],[176.556641,64.83999],[176.429492,64.855176],[176.061133,64.960889],[175.781152,64.844043],[175.396484,64.783691],[175.097754,64.776855],[174.548828,64.683887],[174.698633,64.681445],[175.09707,64.746631],[175.330664,64.746631],[175.67793,64.782471],[175.858594,64.825293],[175.945898,64.865186],[176.056543,64.904736],[176.169238,64.884766],[176.246973,64.843018],[176.300879,64.783838],[176.350977,64.705127],[176.283203,64.663818],[176.219434,64.641943],[176.140918,64.58584],[176.507617,64.682422],[176.730957,64.624854],[176.842871,64.633789],[177.049805,64.719238],[177.3875,64.774023],[177.427441,64.763379],[177.467188,64.736816],[177.409863,64.572803],[177.43291,64.444482],[177.6875,64.304736],[177.95332,64.222266],[178.044727,64.21958],[178.130566,64.235254],[178.163965,64.309082],[178.229492,64.364404],[178.312988,64.314404],[178.381445,64.260889],[178.477148,64.127881],[178.474805,64.089014],[178.451367,64.011377],[178.536035,63.975635],[178.650293,63.965283],[178.69248,63.842334],[178.731445,63.66709],[178.681348,63.650732],[178.625977,63.650732],[178.44043,63.605566],[178.466113,63.574072],[178.653711,63.556641],[178.706445,63.521533],[178.668848,63.439941],[178.678711,63.402295],[178.744043,63.394775],[178.786719,63.442432],[178.775391,63.510254],[178.792969,63.540332],[178.918555,63.400244],[178.921484,63.34502],[179.028125,63.282422],[179.332324,63.190186],[179.388574,63.147217],[179.405078,63.077734],[179.329004,63.05791],[179.25957,63.008301],[179.302148,62.939844],[179.381055,62.883691],[179.510938,62.862793],[179.570508,62.773486],[179.570508,62.6875],[179.477246,62.613086],[179.288672,62.510352],[179.176953,62.469189],[179.133887,62.396436],[179.120703,62.320361],[179.044629,62.323682],[178.963867,62.355273],[178.019238,62.546973],[177.663086,62.582813],[177.35127,62.587451],[177.292578,62.599023],[177.295898,62.644482],[177.31582,62.685254],[177.359668,62.736963],[177.338965,62.781348],[177.29834,62.784229],[177.258691,62.750439],[177.172656,62.750342],[177.091211,62.789551],[177.023535,62.777246],[176.990039,62.722217],[176.963477,62.693262],[176.964746,62.658643],[177.008008,62.626562],[177.189648,62.591602],[177.159473,62.560986],[176.907422,62.536084],[176.702539,62.505762],[176.436523,62.41084],[176.328418,62.346045],[175.613867,62.184375],[175.441992,62.12793],[175.36582,62.121338],[175.267871,62.102393],[175.192383,62.034424],[174.797559,61.938867],[174.715039,61.9479],[174.610547,61.867627],[174.514355,61.823633],[174.284961,61.817529],[174.138867,61.795166],[173.822363,61.679395],[173.623438,61.716064],[173.390723,61.556738],[173.131836,61.406641],[173.05459,61.406201],[172.856543,61.469189],[172.806836,61.436133],[172.837891,61.375586],[172.908008,61.311621],[172.867773,61.293066],[172.789062,61.310693],[172.730664,61.314404],[172.690039,61.295166],[172.696973,61.249316],[172.584766,61.19043],[172.49707,61.185889],[172.396094,61.167383],[172.362402,61.116602],[172.392773,61.061768],[172.213281,60.997852],[172.067285,60.915674],[171.997656,60.900684],[171.917969,60.864111],[171.830566,60.837354],[171.729492,60.843115],[171.489746,60.725732],[170.949316,60.522949],[170.799316,60.496484],[170.608203,60.434912],[170.589746,60.393701],[170.588574,60.342871],[170.512305,60.259521],[170.423438,60.047803],[170.396484,60.009766],[170.350977,59.965527],[170.154102,59.986084],[169.982617,60.06709],[169.927246,60.104248],[169.897559,60.147852],[169.887012,60.21792],[169.854297,60.250244],[169.814746,60.265381],[169.618359,60.438037],[169.275684,60.556641],[169.226758,60.595947],[168.788281,60.563818],[168.670313,60.562891],[168.462793,60.592236],[168.1375,60.573926],[167.745996,60.509326],[167.626074,60.468945],[167.226758,60.406299],[166.964063,60.307031],[166.452539,59.947021],[166.331836,59.872412],[166.273047,59.85625],[166.186523,59.849463],[166.148926,59.92207],[166.136035,59.979346],[166.168359,60.088818],[166.229785,60.17832],[166.29248,60.346094],[166.308105,60.414258],[166.352148,60.484814],[166.180176,60.480371],[165.941992,60.356885],[165.583008,60.236475],[165.41582,60.205176],[165.285254,60.134912],[165.192578,60.124756],[165.08457,60.098584],[165.073633,59.945605],[165.018945,59.860742],[164.953711,59.843604],[164.854297,59.840967],[164.779395,59.874219],[164.669727,59.997461],[164.525293,60.061279],[164.440039,60.072705],[164.376855,60.058057],[164.251563,59.973779],[164.113281,59.897559],[164.135059,59.984375],[164.017578,60.017334],[163.912891,60.037061],[163.780078,60.041113],[163.743848,60.028027],[163.690039,59.978418],[163.574316,59.914062],[163.49375,59.886768],[163.409961,59.834961],[163.364844,59.781445],[163.321191,59.70542],[163.269043,59.52002],[163.272852,59.302588],[163.084863,59.131396],[163.010156,59.148291],[162.974902,59.137061],[162.940039,59.114307],[163.004297,59.020166],[162.969824,58.986475],[162.93457,58.963965],[162.847266,58.939258],[162.643359,58.799902],[162.453027,58.708594],[162.141602,58.447412],[162.049219,58.272852],[161.960059,58.076904],[162.001953,57.980957],[162.039648,57.918262],[162.097949,57.874658],[162.197461,57.82915],[162.411426,57.778369],[162.392188,57.74502],[162.391406,57.717236],[162.466992,57.766211],[162.521973,57.904102],[162.654297,57.948242],[162.718359,57.946094],[163.14502,57.837305],[163.225781,57.790381],[163.213867,57.686816],[163.187891,57.637402],[163.108789,57.564844],[162.957031,57.47749],[162.779297,57.357617],[162.762305,57.284082],[162.761523,57.243945],[162.808105,57.102783],[162.814844,57.023389],[162.791113,56.875391],[162.802637,56.811475],[162.849902,56.756836],[162.92207,56.722656],[163.046387,56.741309],[163.16543,56.725488],[163.256543,56.688037],[163.243262,56.564551],[163.294043,56.447705],[163.335547,56.23252],[163.261328,56.17373],[163.189258,56.137012],[163.047363,56.044678],[162.97168,56.033789],[162.840332,56.065625],[162.628125,56.232275],[162.713184,56.330859],[162.893262,56.399463],[162.975195,56.449023],[163.038379,56.521875],[162.944141,56.508057],[162.877637,56.476367],[162.671484,56.490088],[162.589063,56.454932],[162.488672,56.399121],[162.528223,56.260693],[162.461133,56.235498],[162.334082,56.187744],[162.146094,56.128271],[162.084961,56.089648],[161.924023,55.840381],[161.775586,55.654834],[161.723926,55.496143],[161.729395,55.358008],[161.784961,55.205322],[161.824219,55.138916],[161.996094,54.997998],[162.080273,54.886133],[162.105566,54.752148],[161.966895,54.688672],[161.725684,54.532959],[161.624805,54.51626],[161.294043,54.520557],[161.129883,54.598242],[160.935547,54.578369],[160.772656,54.541357],[160.517188,54.430859],[160.288867,54.288232],[160.074414,54.18916],[160.010156,54.130859],[159.921777,54.008398],[159.84375,53.783643],[159.870898,53.672656],[159.914258,53.62085],[159.955859,53.552197],[159.899121,53.447705],[159.897656,53.380762],[160.002148,53.274902],[160.025098,53.12959],[159.947461,53.125098],[159.771582,53.229687],[159.585938,53.237695],[159.136133,53.117139],[158.952051,53.047559],[158.74541,52.908936],[158.683691,52.9354],[158.639551,53.014795],[158.564648,53.05],[158.47207,53.032373],[158.432324,52.957422],[158.560156,52.922168],[158.608789,52.873633],[158.533691,52.688428],[158.480762,52.62666],[158.500391,52.460303],[158.493164,52.383154],[158.463477,52.30498],[158.331641,52.090869],[158.103516,51.809619],[157.823242,51.605322],[157.628906,51.53457],[157.530957,51.479883],[157.489844,51.408936],[157.202246,51.212744],[156.847461,51.006592],[156.747754,50.969287],[156.724316,51.04707],[156.713477,51.124121],[156.670801,51.226855],[156.543457,51.311621],[156.521191,51.380273],[156.500391,51.475098],[156.489844,51.913037],[156.377344,52.366553],[156.364746,52.509375],[156.228613,52.62627],[156.154395,52.747266],[156.110352,52.866162],[156.098828,53.006494],[155.950195,53.744287],[155.904883,53.928125],[155.706445,54.521484],[155.620313,54.864551],[155.563867,55.199121],[155.554883,55.348486],[155.643457,55.793555],[155.716602,56.072217],[155.98252,56.695215],[156.025391,56.752002],[156.06748,56.781592],[156.529297,57.021191],[156.728418,57.152246],[156.848828,57.290186],[156.976758,57.466309],[156.963574,57.560938],[156.948242,57.615771],[156.899902,57.676904],[156.791602,57.747949],[156.829883,57.779639],[156.871973,57.803662],[156.985742,57.830176],[157.216797,57.776807],[157.450391,57.799268],[157.666406,58.019775],[157.974609,57.985937],[158.210449,58.025293],[158.275195,58.008984],[158.321094,58.083447],[158.449414,58.162842],[158.687012,58.281348],[159.036914,58.423926],[159.210645,58.519434],[159.308398,58.610547],[159.452637,58.695947],[159.591504,58.803662],[159.847363,59.127148],[160.350391,59.394043],[160.547461,59.547363],[160.711426,59.60166],[160.855273,59.626855],[161.218945,59.845605],[161.449316,60.027344],[161.753516,60.152295],[161.845996,60.232227],[162.003613,60.420166],[162.068164,60.466406],[162.266309,60.536719],[162.713184,60.659473],[162.973145,60.78291],[163.352344,60.800439],[163.466406,60.849756],[163.585156,60.877148],[163.709961,60.916797],[163.553516,61.025635],[163.589258,61.084375],[163.619629,61.111328],[163.893359,61.240479],[164.005469,61.343799],[163.99209,61.388232],[163.972754,61.419873],[163.804395,61.461377],[163.837109,61.558252],[163.882715,61.640137],[164.019531,61.710693],[164.067969,61.873877],[164.074219,62.04502],[164.207227,62.292236],[164.2875,62.346631],[164.59834,62.470557],[164.670703,62.473779],[164.887695,62.431885],[165.124121,62.411523],[165.208105,62.373975],[165.225684,62.405762],[165.213867,62.448193],[165.280371,62.462988],[165.417383,62.44707],[165.396582,62.493896],[165.044043,62.516992],[164.792383,62.571094],[164.566992,62.675488],[164.418359,62.704639],[164.255664,62.696582],[163.331738,62.550928],[163.287109,62.511426],[163.244238,62.455371],[163.302148,62.372998],[163.258008,62.336914],[163.213281,62.313428],[163.163477,62.25957],[163.118457,62.15293],[163.131055,62.049902],[163.017676,61.891064],[163.009277,61.791504],[163.207617,61.736572],[163.257812,61.699463],[163.197852,61.644775],[163.138867,61.611426],[163.085254,61.570557],[163.047266,61.554053],[162.993945,61.544189],[162.92168,61.597705],[162.855957,61.705029],[162.752344,61.711279],[162.717871,61.695117],[162.699023,61.652588],[162.607617,61.650049],[162.506445,61.670117],[162.392578,61.662109],[162.188379,61.540674],[161.037109,60.962891],[160.915039,60.892676],[160.766602,60.75332],[160.482031,60.739844],[160.368164,60.708545],[160.287305,60.667041],[160.173633,60.638428],[160.177344,60.690723],[160.201074,60.729639],[160.225781,60.831543],[160.378906,61.025488],[160.28125,61.044775],[160.184277,61.047656],[160.004004,61.007422],[159.883105,60.943408],[159.79043,60.956641],[159.83457,61.013965],[159.949219,61.128613],[159.913965,61.234473],[159.883105,61.291797],[159.930859,61.323926],[160.162695,61.5375],[160.246875,61.647607],[160.317383,61.793359],[160.321484,61.838574],[160.309375,61.894385],[160.237793,61.903857],[160.18252,61.902832],[159.722168,61.758398],[159.552344,61.719482],[159.496289,61.781445],[159.423047,61.808057],[159.29502,61.91416],[159.189258,61.929395],[159.07666,61.922266],[158.824316,61.850244],[158.547168,61.810889],[158.333691,61.825684],[158.151563,61.764844],[158.070117,61.753613],[157.799316,61.795264],[157.469336,61.798926],[157.370703,61.74707],[157.08418,61.675684],[156.891797,61.565186],[156.790625,61.529639],[156.680273,61.480615],[156.629688,61.272461],[156.482617,61.206006],[156.344141,61.155078],[156.055957,60.995605],[155.85332,60.777148],[155.716113,60.682373],[155.427832,60.549854],[154.970801,60.37666],[154.578223,60.09502],[154.440723,59.883789],[154.389844,59.876758],[154.293066,59.83335],[154.266602,59.730371],[154.268848,59.658398],[154.20918,59.600342],[154.149805,59.528516],[154.212891,59.483398],[154.272168,59.475146],[154.357617,59.481445],[154.58252,59.540088],[154.971289,59.449609],[155.166699,59.360156],[155.153027,59.270215],[155.160449,59.190137],[155.016699,59.195605],[154.82373,59.187549],[154.703516,59.141309],[154.458008,59.216553],[154.375977,59.187842],[154.24668,59.108594],[154.010938,59.075537],[153.891699,59.11416],[153.695215,59.224756],[153.361133,59.214795],[153.272949,59.091309],[153.196094,59.094434],[153.077734,59.081885],[152.882227,58.939062],[152.817871,58.92627],[152.575586,58.954102],[152.400684,59.026416],[152.319629,59.030762],[152.165234,58.997021],[152.087891,58.910449],[151.70459,58.866699],[151.326758,58.875098],[151.121094,59.08252],[151.50498,59.164014],[151.733496,59.14668],[151.990039,59.160059],[152.260645,59.223584],[152.169531,59.27793],[152.104492,59.290576],[151.942383,59.284082],[151.798047,59.323242],[151.485742,59.524121],[151.348242,59.561133],[151.170313,59.583252],[151.033594,59.585645],[150.98252,59.571338],[150.911914,59.523047],[150.863281,59.475439],[150.823438,59.460742],[150.729492,59.469141],[150.615234,59.506543],[150.483594,59.494385],[150.539844,59.524951],[150.667285,59.556348],[150.457227,59.590723],[150.325586,59.638867],[150.202539,59.65127],[149.642578,59.77041],[149.424512,59.760986],[149.29043,59.728467],[149.065234,59.630518],[149.127734,59.558789],[149.175391,59.526758],[149.20498,59.488184],[149.133008,59.480518],[148.925,59.475],[148.79707,59.532324],[148.708887,59.448535],[148.744141,59.373535],[148.889648,59.4],[148.964648,59.369141],[148.914062,59.282715],[148.72666,59.25791],[148.491211,59.262305],[148.257422,59.414209],[147.874609,59.388037],[147.687891,59.290674],[147.514453,59.268555],[147.040039,59.365723],[146.803711,59.372949],[146.537207,59.456982],[146.444336,59.430469],[146.273438,59.221484],[146.049512,59.170557],[145.931641,59.198389],[145.829102,59.330322],[145.756445,59.37373],[145.55459,59.413525],[144.483398,59.37627],[144.123438,59.408301],[143.86875,59.411377],[143.523828,59.343652],[143.192188,59.370117],[142.580273,59.240137],[142.330371,59.152637],[142.025391,58.999658],[141.754688,58.745264],[141.60293,58.649023],[141.34707,58.528076],[140.987695,58.416846],[140.790234,58.303467],[140.684961,58.212158],[140.495117,57.86543],[140.446875,57.813672],[140.002344,57.6875],[139.861523,57.549316],[139.80332,57.51416],[139.619238,57.455713],[139.506641,57.358301],[139.443848,57.329687],[139.181641,57.261523],[138.965723,57.088135],[138.662109,56.965527],[138.217773,56.629004],[138.180078,56.588525],[138.140625,56.498682],[138.073828,56.433105],[137.691504,56.139355],[137.572949,56.112109],[137.384082,55.974756],[137.189844,55.892285],[137.012109,55.795264],[136.793555,55.694189],[136.460254,55.576709],[136.351172,55.51001],[136.175195,55.352246],[135.750781,55.160645],[135.540625,55.11377],[135.2625,54.943311],[135.234766,54.903223],[135.211523,54.84082],[135.257715,54.731494],[135.325391,54.707422],[135.437793,54.69248],[135.851562,54.583936],[136.237988,54.614062],[136.580273,54.613623],[136.714551,54.624316],[136.797266,54.620996],[136.82373,54.561475],[136.82041,54.452344],[136.77041,54.35332],[136.729395,54.060645],[136.683008,53.931299],[136.718848,53.804102],[136.802637,53.781982],[136.886426,53.839355],[137.01875,53.848145],[137.155371,53.82168],[137.258008,54.025244],[137.172461,54.056885],[137.096191,54.128564],[137.141602,54.182227],[137.377734,54.282324],[137.525098,54.291211],[137.666016,54.283301],[137.513184,54.156396],[137.45127,54.130469],[137.403418,54.123535],[137.339258,54.100537],[137.476465,54.027588],[137.622754,53.970459],[137.834766,53.946729],[137.786133,53.90332],[137.644824,53.86582],[137.516992,53.70708],[137.313672,53.631592],[137.221484,53.579199],[137.253711,53.546143],[137.32832,53.538965],[137.738184,53.560303],[137.950488,53.603564],[138.25293,53.726416],[138.378906,53.909277],[138.493555,53.959668],[138.52793,53.959863],[138.568164,53.947168],[138.569141,53.818799],[138.407031,53.67417],[138.292188,53.592432],[138.249707,53.524023],[138.320312,53.5229],[138.450684,53.537012],[138.510938,53.57002],[138.660742,53.744775],[138.699414,53.869727],[138.72168,54.04375],[138.704688,54.147656],[138.715918,54.222656],[138.657227,54.29834],[138.695703,54.32002],[139.105078,54.217822],[139.319727,54.192969],[139.707422,54.277148],[139.795508,54.256445],[139.858398,54.205322],[140.178711,54.051562],[140.241699,54.001025],[140.34707,53.812598],[140.687598,53.596436],[141.005664,53.49458],[141.015039,53.454248],[141.217676,53.334473],[141.37373,53.292773],[141.402051,53.183984],[141.32793,53.097266],[141.18125,53.015283],[140.887305,53.091504],[140.839648,53.087891],[140.874512,53.039844],[141.086816,52.897559],[141.255859,52.840137],[141.265918,52.652588],[141.24502,52.550146],[141.132422,52.435693],[141.169824,52.368408],[141.329688,52.271143],[141.409082,52.234326],[141.485254,52.178516],[141.385547,52.057227],[141.366895,51.920654],[141.258398,51.860693],[141.129395,51.727783],[140.932617,51.619922],[140.838574,51.41416],[140.687695,51.232275],[140.670703,51.051318],[140.645605,50.986768],[140.520898,50.800195],[140.476367,50.545996],[140.535449,50.130762],[140.564063,50.106689],[140.624512,50.082422],[140.613281,50.053711],[140.58457,50.03335],[140.462695,49.911475],[140.464551,49.825586],[140.511328,49.76167],[140.517188,49.596143],[140.431055,49.331494],[140.399121,49.289795],[140.364355,49.22085],[140.348633,49.15918],[140.325586,49.12002],[140.308984,49.053906],[140.333691,48.994824],[140.37832,48.964111],[140.224219,48.772852],[140.170605,48.523682],[140.113281,48.422656],[139.998438,48.323779],[139.760742,48.180566],[139.67627,48.089893],[139.520508,47.975293],[139.372656,47.887354],[139.166992,47.634863],[139.001367,47.383301],[138.586816,47.057227],[138.529688,46.976221],[138.500488,46.889844],[138.391797,46.745068],[138.336914,46.543408],[138.210156,46.462939],[138.106348,46.250732],[137.769141,45.928516],[137.685449,45.818359],[137.425195,45.63999],[137.146973,45.393506],[136.803516,45.171143],[136.737207,45.080029],[136.604102,44.978174],[136.460449,44.822119],[136.251172,44.666797],[136.208691,44.562012],[136.142285,44.489111],[135.987012,44.439844],[135.874609,44.373535],[135.533203,43.971484],[135.489063,43.898828],[135.483398,43.83501],[135.260156,43.684619],[135.131055,43.525732],[134.916992,43.426562],[134.691797,43.290576],[134.156445,43.042139],[134.010449,42.947461],[133.709375,42.829932],[133.586719,42.828223],[133.329492,42.763867],[133.159961,42.696973],[133.059375,42.722803],[132.996582,42.808008],[132.923926,42.805273],[132.863574,42.79375],[132.708984,42.87583],[132.576465,42.871582],[132.481348,42.909766],[132.303809,42.883301],[132.334375,43.238672],[132.30957,43.313525],[132.233203,43.245068],[132.028711,43.118945],[131.947266,43.09541],[131.866602,43.095166],[131.89834,43.170752],[132.013086,43.280029],[131.97627,43.296045],[131.938965,43.301953],[131.794727,43.255273],[131.72207,43.202637],[131.516406,42.996436],[131.393262,42.822314],[131.29248,42.772119],[131.245313,42.697412],[131.158301,42.626025],[131.024805,42.645166],[130.945703,42.633936],[130.756152,42.673291],[130.709375,42.656396],[130.83418,42.522949],[130.729883,42.325781],[130.687305,42.302539]]],[[[33.594141,46.09624],[33.654323,46.146222],[33.659965,46.219573],[33.806667,46.208288],[34.02672,46.106725],[34.128283,46.089798],[34.224203,46.101083],[34.353978,46.061586],[34.449898,45.965666],[34.523249,45.97695],[34.686878,45.97695],[34.794084,45.892315],[34.799726,45.790752],[34.946428,45.728686],[35.001674,45.733383],[35.022852,45.700977],[35.260156,45.446924],[35.373926,45.353613],[35.45752,45.316309],[35.558008,45.310889],[35.750977,45.389355],[35.833496,45.401611],[36.012891,45.37168],[36.077148,45.424121],[36.170508,45.453076],[36.290332,45.456738],[36.427051,45.433252],[36.575,45.393555],[36.514258,45.30376],[36.450781,45.232324],[36.428418,45.153271],[36.393359,45.065381],[36.229883,45.025977],[36.054785,45.030811],[35.870117,45.005322],[35.803613,45.0396],[35.759473,45.07085],[35.677539,45.102002],[35.569531,45.119336],[35.472559,45.098486],[35.357813,44.978418],[35.154785,44.896338],[35.087695,44.802637],[34.887793,44.823584],[34.716895,44.807129],[34.469922,44.72168],[34.281738,44.538428],[34.074414,44.423828],[33.909961,44.387598],[33.755664,44.398926],[33.655859,44.433203],[33.450684,44.553662],[33.462695,44.596826],[33.491309,44.618604],[33.530078,44.680518],[33.612207,44.907812],[33.601172,44.981494],[33.555176,45.097656],[33.39248,45.187842],[33.261523,45.170752],[33.186914,45.194775],[32.918652,45.348145],[32.772656,45.358984],[32.611328,45.328076],[32.551855,45.350391],[32.508008,45.403809],[32.828027,45.593018],[33.142285,45.749219],[33.280078,45.765234],[33.466211,45.837939],[33.664844,45.94707],[33.636719,46.032861],[33.594141,46.09624]]]]}},{"type":"Feature","properties":{"name":"Romania","turkey":false},"geometry":{"type":"MultiPolygon","coordinates":[[[[28.2125,45.450439],[28.317676,45.347119],[28.45127,45.292187],[28.760742,45.234131],[28.788281,45.240967],[28.791406,45.251904],[28.769824,45.266895],[28.766602,45.28623],[28.781738,45.309863],[28.824316,45.311084],[28.894336,45.289941],[29.027441,45.320557],[29.223535,45.40293],[29.403711,45.419678],[29.567676,45.370801],[29.651953,45.313916],[29.705859,45.259912],[29.689063,45.193213],[29.678613,45.15166],[29.635352,44.979639],[29.605469,44.915479],[29.55752,44.843408],[29.048242,44.757568],[29.081055,44.798828],[29.069141,44.871143],[29.047754,44.925684],[29.095313,44.975049],[28.980664,44.99292],[28.930566,44.96582],[28.891504,44.918652],[28.926172,44.81001],[28.87041,44.749951],[28.849023,44.716309],[28.846484,44.636865],[28.813574,44.60249],[28.807031,44.565039],[28.888184,44.574756],[28.851758,44.506104],[28.699219,44.374219],[28.64541,44.295654],[28.658594,43.983838],[28.590723,43.797412],[28.585352,43.742236],[28.423438,43.740479],[28.375195,43.744775],[28.221973,43.772852],[28.05,43.822412],[27.948926,43.918604],[27.884277,43.987354],[27.738574,43.956299],[27.710742,43.9646],[27.670898,43.997803],[27.561035,44.020068],[27.425391,44.020508],[27.120703,44.146143],[27.086914,44.167383],[26.847754,44.146191],[26.489258,44.083984],[26.21582,44.007275],[25.933398,43.870557],[25.818848,43.766846],[25.686133,43.711768],[25.49707,43.670801],[25.159668,43.686328],[24.808203,43.738428],[24.430566,43.794385],[24.226758,43.763477],[23.950781,43.78667],[23.53457,43.853564],[23.224609,43.873877],[22.919043,43.834473],[22.867676,43.864551],[22.856445,43.899023],[22.868262,43.9479],[22.911328,43.987207],[22.985352,44.016992],[23.024414,44.047217],[23.028516,44.077979],[22.94541,44.127295],[22.775195,44.195215],[22.705078,44.237793],[22.687891,44.248291],[22.683301,44.286475],[22.647949,44.316455],[22.581836,44.33833],[22.530664,44.377979],[22.494531,44.435449],[22.502344,44.4896],[22.554004,44.540332],[22.620117,44.562354],[22.700781,44.555518],[22.734375,44.569922],[22.720898,44.605518],[22.64209,44.650977],[22.497656,44.70625],[22.350684,44.676123],[22.200977,44.560693],[22.093066,44.541943],[22.026953,44.619873],[21.909277,44.666113],[21.740234,44.680664],[21.636133,44.710449],[21.59707,44.75542],[21.523145,44.790088],[21.360059,44.82666],[21.35791,44.861816],[21.384375,44.870068],[21.442188,44.873389],[21.519922,44.880811],[21.532324,44.900684],[21.533203,44.918848],[21.471973,44.941992],[21.409961,44.957715],[21.377734,44.973437],[21.357031,44.990771],[21.35293,45.008984],[21.371094,45.021387],[21.395898,45.022217],[21.420703,45.032959],[21.434473,45.075146],[21.467871,45.109863],[21.491797,45.122266],[21.490234,45.1479],[21.46543,45.171875],[21.431445,45.192529],[21.381738,45.205078],[21.226465,45.241309],[21.147852,45.291748],[21.099902,45.293555],[21.023828,45.321533],[20.941797,45.365332],[20.870801,45.427539],[20.794043,45.467871],[20.774219,45.484424],[20.772461,45.500098],[20.786523,45.51748],[20.786035,45.536475],[20.76582,45.597461],[20.779297,45.662012],[20.775781,45.72251],[20.775,45.749805],[20.760156,45.758105],[20.746875,45.748975],[20.727832,45.737402],[20.709277,45.735254],[20.652734,45.779395],[20.581152,45.869482],[20.532617,45.899512],[20.437988,45.940771],[20.358594,45.975488],[20.301367,46.050684],[20.241797,46.108594],[20.280957,46.133008],[20.508105,46.166943],[20.613672,46.133496],[20.661035,46.145654],[20.707422,46.172803],[20.732715,46.194434],[20.737402,46.21748],[20.760254,46.24624],[20.837012,46.259717],[21.039844,46.242236],[21.12168,46.282422],[21.151953,46.304346],[21.17041,46.352686],[21.191797,46.391553],[21.264551,46.412305],[21.263281,46.447754],[21.252246,46.486377],[21.294531,46.572461],[21.320215,46.607812],[21.361328,46.620752],[21.411035,46.647852],[21.49707,46.704297],[21.477051,46.753369],[21.494434,46.789746],[21.58418,46.878369],[21.652637,46.96377],[21.651465,47.006543],[21.661426,47.043896],[21.721777,47.084814],[21.785449,47.138135],[21.869336,47.30459],[21.899219,47.332568],[21.954297,47.364258],[21.995313,47.395703],[21.999707,47.505029],[22.037988,47.536621],[22.111914,47.572021],[22.185059,47.629053],[22.244629,47.696387],[22.290625,47.727832],[22.351465,47.73623],[22.41748,47.762646],[22.491406,47.772559],[22.562891,47.75957],[22.608398,47.766309],[22.676758,47.799023],[22.851758,47.922559],[22.87666,47.947266],[22.912891,47.964258],[23.054785,48.006543],[23.09082,48.049121],[23.139453,48.087402],[23.202637,48.084521],[23.408203,47.98999],[23.628711,47.99585],[23.669043,47.992334],[23.682031,47.990381],[23.708984,47.982617],[24.001855,47.935791],[24.047363,47.941016],[24.059766,47.944775],[24.177734,47.906055],[24.281934,47.911182],[24.380957,47.938037],[24.484082,47.947119],[24.578906,47.931055],[24.650977,47.876514],[24.837891,47.76084],[24.893359,47.717773],[24.979102,47.724121],[25.073828,47.745703],[25.169629,47.823096],[25.464258,47.910791],[25.689258,47.932471],[25.908691,47.967578],[26.162695,47.992529],[26.23623,48.064355],[26.276953,48.113232],[26.305664,48.20376],[26.442383,48.22998],[26.572461,48.248486],[26.618945,48.259863],[26.71377,48.263477],[26.787305,48.255811],[26.900977,48.211133],[26.980762,48.155029],[27.012207,48.110498],[27.080371,48.047656],[27.152051,47.959277],[27.230859,47.841748],[27.248145,47.782227],[27.27793,47.717969],[27.336914,47.639746],[27.449219,47.553125],[27.464844,47.53667],[27.51582,47.475635],[27.614063,47.340527],[27.696191,47.286426],[27.767969,47.227588],[27.802344,47.168311],[27.853809,47.114502],[27.974219,47.043213],[28.071777,46.978418],[28.15,46.79209],[28.204688,46.706396],[28.239453,46.64082],[28.222656,46.508057],[28.244336,46.45127],[28.199609,46.347559],[28.119141,46.138672],[28.099707,45.972607],[28.113574,45.883057],[28.115527,45.825537],[28.134961,45.788867],[28.15625,45.713086],[28.159766,45.647119],[28.130859,45.628271],[28.090332,45.612744],[28.074707,45.598975],[28.111914,45.569141],[28.1625,45.51377],[28.2125,45.450439]]]]}},{"type":"Feature","properties":{"name":"Libya","turkey":false},"geometry":{"type":"MultiPolygon","coordinates":[[[[9.51875,30.229395],[9.637988,30.282324],[9.807422,30.342236],[9.89502,30.387305],[9.93252,30.425342],[10.059766,30.580078],[10.125977,30.665967],[10.216406,30.783203],[10.256055,30.864941],[10.257031,30.94082],[10.243359,31.032129],[10.172656,31.250977],[10.114941,31.46377],[10.159863,31.545801],[10.195996,31.585107],[10.274609,31.684961],[10.306055,31.704834],[10.475781,31.736035],[10.543652,31.802539],[10.595508,31.885742],[10.608887,31.929541],[10.683008,31.975391],[10.771582,32.021191],[10.826367,32.080664],[11.005176,32.172705],[11.168262,32.256738],[11.358008,32.345215],[11.50498,32.413672],[11.535938,32.47334],[11.533789,32.524951],[11.453906,32.642578],[11.453906,32.781689],[11.45918,32.897363],[11.467188,32.965723],[11.502441,33.155566],[11.50459,33.181934],[11.657129,33.118896],[11.813477,33.093701],[12.279883,32.858545],[12.427051,32.829102],[12.753516,32.801074],[13.138086,32.897363],[13.283496,32.914648],[13.536328,32.824268],[13.647754,32.798828],[13.835352,32.791797],[14.155664,32.709766],[14.237109,32.68125],[14.423828,32.550293],[14.513379,32.511084],[15.176563,32.391162],[15.266895,32.31167],[15.359082,32.159668],[15.363086,31.971191],[15.414062,31.834229],[15.496387,31.656787],[15.595801,31.531104],[15.705957,31.426416],[15.832227,31.360986],[16.123047,31.264453],[16.450977,31.227295],[16.781543,31.214746],[17.349219,31.081494],[17.830469,30.927588],[17.949316,30.851904],[18.19043,30.777295],[18.669824,30.415674],[18.936426,30.29043],[19.12373,30.266113],[19.291699,30.288086],[19.589844,30.41377],[19.713281,30.488379],[20.013184,30.800684],[20.111523,30.963721],[20.150977,31.078613],[20.141113,31.195508],[20.103809,31.300537],[20.02002,31.410645],[19.96123,31.556006],[19.926367,31.817529],[19.973438,31.999072],[20.030957,32.107861],[20.121484,32.21875],[20.370605,32.430762],[20.621094,32.580176],[21.062305,32.775537],[21.31875,32.777686],[21.424707,32.79917],[21.635938,32.937305],[21.721387,32.94248],[21.839453,32.908643],[22.187402,32.918262],[22.340625,32.879883],[22.523438,32.793945],[22.754102,32.740527],[22.916895,32.687158],[23.090625,32.61875],[23.129688,32.448145],[23.110449,32.397412],[23.10625,32.331445],[23.286328,32.213818],[23.797656,32.158691],[23.898438,32.127197],[24.038965,32.037012],[24.129688,32.009229],[24.479785,31.996533],[24.683887,32.015967],[24.878516,31.984277],[24.950684,31.953711],[25.025,31.88335],[25.115039,31.712305],[25.150488,31.65498],[25.112012,31.626904],[25.057227,31.567187],[25.022656,31.514014],[24.92998,31.42749],[24.852734,31.334814],[24.859961,31.19917],[24.877539,31.06123],[24.929492,30.926465],[24.973926,30.776562],[24.961426,30.678516],[24.923047,30.558008],[24.877539,30.45752],[24.726465,30.250586],[24.703223,30.201074],[24.711621,30.131543],[24.803711,29.886035],[24.81084,29.80874],[24.865918,29.570264],[24.916113,29.37627],[24.97168,29.223828],[24.980273,29.181885],[24.980273,28.957324],[24.980273,28.732764],[24.980273,28.508203],[24.980273,28.283643],[24.980273,28.059082],[24.980273,27.834521],[24.980273,27.609961],[24.980273,27.3854],[24.980273,27.16084],[24.980273,26.93623],[24.980273,26.71167],[24.980273,26.487109],[24.980273,26.262549],[24.980273,26.037988],[24.980273,25.813428],[24.980273,25.588867],[24.980273,25.364307],[24.980273,25.139746],[24.980273,24.915186],[24.980273,24.690625],[24.980273,24.466064],[24.980273,24.241504],[24.980273,24.016943],[24.980273,23.792383],[24.980273,23.567822],[24.980273,23.343213],[24.980273,23.118652],[24.980273,22.894092],[24.980273,22.669531],[24.980273,22.444971],[24.980273,22.22041],[24.980273,21.99585],[24.980078,21.497559],[24.979883,20.999219],[24.979688,20.500928],[24.979492,20.002588],[24.976367,20.000781],[24.973242,19.999023],[24.970215,19.997266],[24.966992,19.995459],[24.72041,19.995557],[24.473633,19.995703],[24.226953,19.99585],[23.980273,19.995947],[23.980273,19.871094],[23.980273,19.746289],[23.980273,19.621484],[23.980273,19.496631],[23.50127,19.733203],[23.022168,19.969775],[22.543066,20.206348],[22.064063,20.44292],[21.584961,20.679492],[21.105859,20.916113],[20.626758,21.152637],[20.147656,21.389258],[19.668555,21.62583],[19.189453,21.862402],[18.710449,22.098975],[18.231348,22.335547],[17.752246,22.572119],[17.273242,22.808691],[16.794141,23.045264],[16.315039,23.281836],[15.984082,23.445215],[15.627148,23.285742],[15.347461,23.160693],[14.979004,22.996191],[14.978906,22.996289],[14.555664,22.78252],[14.230762,22.618457],[14.215527,22.619678],[14.200684,22.62373],[13.862695,22.9021],[13.598633,23.119531],[13.48125,23.180176],[12.983594,23.29126],[12.48877,23.40166],[11.967871,23.517871],[11.873047,23.694824],[11.766992,23.892578],[11.624219,24.139697],[11.536914,24.29082],[11.507617,24.314355],[11.108203,24.434033],[10.686133,24.551367],[10.438965,24.480225],[10.395898,24.485596],[10.325781,24.530225],[10.255859,24.591016],[10.218652,24.676221],[10.119531,24.790234],[10.028125,25.051025],[10.019043,25.258545],[10.000684,25.33208],[9.781055,25.624268],[9.58125,25.890137],[9.448242,26.067139],[9.422363,26.14707],[9.437891,26.245508],[9.491406,26.33374],[9.684961,26.438232],[9.859375,26.551953],[9.883203,26.630811],[9.894434,26.847949],[9.837109,26.91582],[9.79541,27.044775],[9.752539,27.219336],[9.747559,27.330859],[9.825293,27.552979],[9.916016,27.785693],[9.858203,28.043311],[9.815625,28.560205],[9.842578,28.966992],[9.820703,29.114795],[9.805273,29.176953],[9.745898,29.368945],[9.672656,29.566992],[9.640137,29.636426],[9.546191,29.795947],[9.391016,29.993652],[9.310254,30.115234],[9.420996,30.179297],[9.51875,30.229395]]]]}},{"type":"Feature","properties":{"name":"Lebanon","turkey":false},"geometry":{"type":"MultiPolygon","coordinates":[[[[35.97627,34.629199],[36.151074,34.628613],[36.263574,34.632861],[36.296289,34.678711],[36.383887,34.65791],[36.433008,34.613477],[36.388672,34.566895],[36.32627,34.51333],[36.329883,34.499609],[36.376465,34.495166],[36.455566,34.466162],[36.504395,34.432373],[36.584961,34.22124],[36.535156,34.134326],[36.45752,34.056836],[36.422852,34.049854],[36.354883,34.011328],[36.297852,33.958643],[36.277832,33.925293],[36.282227,33.894189],[36.362793,33.855127],[36.365039,33.839355],[36.348535,33.827051],[36.283398,33.835596],[36.199414,33.839551],[36.149805,33.839502],[36.092188,33.831592],[36.018848,33.783936],[35.986133,33.752637],[35.968457,33.732422],[35.942383,33.667578],[35.97168,33.623096],[36.02666,33.597949],[36.034473,33.585059],[36.022266,33.5625],[35.967578,33.53457],[35.926563,33.500293],[35.914746,33.465381],[35.869141,33.431738],[35.840723,33.415674],[35.7875,33.369775],[35.734473,33.332617],[35.627246,33.275049],[35.60293,33.240625],[35.579297,33.271484],[35.53252,33.250488],[35.493164,33.119482],[35.41123,33.075684],[35.308887,33.079541],[35.22334,33.091992],[35.108594,33.083691],[35.155078,33.16001],[35.203516,33.258984],[35.251367,33.392627],[35.335742,33.503467],[35.51084,33.879736],[35.611816,34.032178],[35.647852,34.248242],[35.804297,34.437402],[35.921387,34.493311],[35.97793,34.547412],[35.97627,34.629199]]]]}},{"type":"Feature","properties":{"name":"Kazakhstan","turkey":false},"geometry":{"type":"MultiPolygon","coordinates":[[[[70.946777,42.248682],[70.860352,42.207227],[70.764551,42.194189],[70.715234,42.168652],[70.6625,42.107471],[70.613281,42.054736],[70.584277,42.036035],[70.540137,42.039453],[70.489063,42.080273],[70.416016,42.078564],[70.328906,42.027979],[70.225879,41.945996],[70.095605,41.820508],[69.959961,41.754053],[69.788086,41.697314],[69.663867,41.672119],[69.565137,41.629053],[69.400977,41.541895],[69.368359,41.490576],[69.249316,41.460254],[69.153613,41.425244],[69.064941,41.366943],[69.043457,41.264111],[68.986914,41.205029],[68.851172,41.123828],[68.737109,41.041895],[68.662793,40.961523],[68.584082,40.87627],[68.559277,40.829297],[68.556543,40.765137],[68.593652,40.711279],[68.600684,40.659961],[68.572656,40.622656],[68.495703,40.608643],[68.415039,40.619434],[68.291895,40.656104],[68.160254,40.721777],[68.112305,40.754053],[68.047656,40.809277],[68.057031,40.860596],[68.090332,40.960254],[68.113086,41.028613],[68.059375,41.061279],[68.019727,41.09624],[67.991406,41.130029],[67.935742,41.196582],[67.865723,41.180273],[67.805078,41.163916],[67.735059,41.187256],[67.528027,41.177148],[67.371582,41.169531],[67.225,41.162354],[67.038672,41.15332],[66.814258,41.142383],[66.749805,41.15708],[66.709668,41.17915],[66.668652,41.270752],[66.645313,41.348633],[66.60166,41.494336],[66.572559,41.606982],[66.537891,41.74126],[66.515039,41.889404],[66.498633,41.994873],[66.328809,41.99834],[66.193164,42.001123],[66.00957,42.004883],[66.01123,42.08877],[66.013184,42.194482],[66.015527,42.314795],[66.049805,42.472754],[66.062695,42.605176],[66.078516,42.76665],[66.088867,42.873389],[66.100293,42.99082],[66.005664,42.95459],[65.901074,42.914502],[65.803027,42.876953],[65.735645,42.972119],[65.670215,43.0646],[65.570703,43.205176],[65.496191,43.310547],[65.366504,43.372021],[65.270508,43.417529],[65.170898,43.494189],[65.084863,43.573682],[65.003125,43.649072],[64.905469,43.714697],[64.811816,43.693945],[64.706055,43.652979],[64.604102,43.613477],[64.496094,43.571631],[64.443164,43.551172],[64.318164,43.558936],[64.208789,43.565723],[64.013281,43.577832],[63.848145,43.588135],[63.679688,43.598633],[63.444824,43.613232],[63.207031,43.627979],[63.047656,43.608496],[62.846191,43.583887],[62.634473,43.558008],[62.459375,43.536621],[62.237891,43.50957],[62.071973,43.489355],[61.990234,43.492139],[61.887598,43.577246],[61.723242,43.713574],[61.623633,43.796191],[61.525879,43.877197],[61.385059,43.993945],[61.271484,44.082275],[61.160742,44.168604],[61.09707,44.248242],[61.065332,44.348389],[61.00791,44.393799],[60.879199,44.455078],[60.741113,44.52085],[60.60293,44.586621],[60.464746,44.652441],[60.32666,44.718213],[60.188477,44.783984],[60.050293,44.849756],[59.912207,44.915576],[59.774023,44.981299],[59.635938,45.04707],[59.497852,45.112842],[59.35957,45.178613],[59.221484,45.244434],[59.083398,45.310205],[58.945117,45.375977],[58.807031,45.441797],[58.668945,45.507568],[58.555273,45.555371],[58.449414,45.54292],[58.291113,45.509424],[58.125195,45.474365],[57.961035,45.439697],[57.666699,45.377441],[57.477344,45.337451],[57.329297,45.303662],[57.17168,45.267725],[56.965039,45.220605],[56.791895,45.181055],[56.58877,45.134766],[56.40918,45.093799],[56.25791,45.059326],[56.100488,45.023389],[55.975684,44.994922],[55.975781,44.765381],[55.975977,44.53584],[55.976074,44.306299],[55.976172,44.076758],[55.97627,43.847217],[55.976367,43.617627],[55.976465,43.388086],[55.976562,43.158594],[55.97666,42.929053],[55.976758,42.699512],[55.976855,42.469971],[55.976953,42.24043],[55.977051,42.010889],[55.977148,41.781348],[55.977344,41.551758],[55.977441,41.322217],[55.934961,41.324121],[55.839063,41.310791],[55.678613,41.278809],[55.545215,41.262744],[55.487012,41.272266],[55.434375,41.296289],[55.388379,41.346924],[55.319727,41.408398],[55.249609,41.458105],[55.162305,41.560254],[55.101855,41.638721],[54.952344,41.81001],[54.931641,41.864014],[54.903711,41.919092],[54.853809,41.965186],[54.67793,42.078223],[54.472852,42.180176],[54.271875,42.27998],[54.214941,42.304199],[54.120996,42.335205],[54.005176,42.335889],[53.926367,42.329785],[53.685352,42.296875],[53.500781,42.258252],[53.250098,42.205859],[53.055859,42.147754],[53.0125,42.130713],[52.870508,42.060596],[52.696875,41.944385],[52.493848,41.780371],[52.467578,41.885889],[52.458594,42.04834],[52.462109,42.100635],[52.517188,42.237158],[52.573242,42.330859],[52.618359,42.428223],[52.638477,42.555664],[52.596582,42.760156],[52.55,42.805469],[52.493945,42.820264],[52.434277,42.824463],[52.324414,42.816162],[52.273047,42.799805],[52.183691,42.86875],[52.075586,42.879785],[52.018555,42.860547],[51.960742,42.850586],[51.898242,42.869629],[51.844141,42.910449],[51.811035,42.954443],[51.785156,43.004346],[51.700391,43.104053],[51.616016,43.158447],[51.514063,43.170508],[51.347852,43.167383],[51.29541,43.174121],[51.292383,43.230713],[51.313379,43.355664],[51.313867,43.42085],[51.301758,43.482373],[51.274121,43.53291],[51.238965,43.576709],[51.139648,43.648779],[51.064844,43.750146],[50.939844,43.958545],[50.830762,44.192773],[50.782617,44.228027],[50.684961,44.265088],[50.471777,44.294775],[50.331152,44.325488],[50.275586,44.355127],[50.252539,44.406494],[50.25293,44.461523],[50.264551,44.526562],[50.297461,44.581543],[50.409473,44.624023],[50.652441,44.63335],[50.860352,44.62876],[51.048828,44.530469],[51.110742,44.507812],[51.177148,44.501367],[51.310742,44.532422],[51.37666,44.541211],[51.543555,44.531006],[51.49375,44.577539],[51.431055,44.601953],[51.366309,44.599854],[51.310254,44.61875],[51.218164,44.708984],[51.05791,44.811572],[51.020703,44.854004],[51.009375,44.921826],[51.040332,44.980322],[51.153711,45.040234],[51.249902,45.12168],[51.294043,45.229785],[51.333398,45.27959],[51.415723,45.357861],[51.539648,45.342871],[51.732617,45.399463],[52.04873,45.388379],[52.426758,45.404639],[52.531055,45.398633],[52.771973,45.343506],[52.910742,45.319727],[53.078906,45.30752],[53.200391,45.331982],[53.085742,45.407373],[52.8375,45.496729],[52.773828,45.572754],[52.8875,45.779541],[53.041602,45.967871],[53.135254,46.19165],[53.108984,46.414062],[53.063965,46.475293],[53.078516,46.547461],[53.132422,46.60835],[53.170215,46.669043],[53.1375,46.742041],[53.069434,46.856055],[53.03457,46.89292],[52.916016,46.954395],[52.677637,46.957129],[52.483203,46.990674],[52.420313,46.963672],[52.384863,46.922119],[52.340332,46.894775],[52.18877,46.839502],[52.138281,46.828613],[52.085547,46.8396],[52.011133,46.901904],[51.945117,46.894873],[51.744531,46.93374],[51.650098,47.018066],[51.615234,47.029932],[51.29082,47.097314],[51.178027,47.110156],[50.92002,47.040674],[50.732715,46.95166],[50.679883,46.938721],[50.58291,46.882275],[50.528418,46.873291],[50.472266,46.88291],[50.419336,46.879492],[50.30625,46.794922],[50.101562,46.696436],[49.999805,46.634277],[49.886328,46.595654],[49.760547,46.571484],[49.631543,46.567578],[49.584375,46.545215],[49.437207,46.537256],[49.347461,46.519141],[49.344238,46.485547],[49.362109,46.410205],[49.28584,46.436816],[49.205664,46.385693],[49.232227,46.337158],[49.184277,46.348828],[48.958984,46.442139],[48.774316,46.507959],[48.610156,46.566455],[48.586035,46.5771],[48.541211,46.605615],[48.50918,46.649951],[48.502344,46.698633],[48.518555,46.734326],[48.558398,46.757129],[48.605273,46.765918],[48.64707,46.758691],[48.693555,46.736816],[48.776367,46.710352],[48.883594,46.70542],[48.950293,46.725781],[48.959375,46.774609],[48.831836,46.954932],[48.714355,47.100488],[48.600684,47.262305],[48.552539,47.320996],[48.413086,47.456494],[48.275684,47.589941],[48.166992,47.708789],[48.109961,47.74541],[47.934668,47.760693],[47.600195,47.78999],[47.481934,47.803906],[47.387305,47.768652],[47.292383,47.740918],[47.202051,47.79248],[47.130762,47.876758],[47.093262,47.947705],[47.111523,48.020117],[47.119043,48.127002],[47.064648,48.232471],[47.004297,48.284473],[46.853125,48.323584],[46.660938,48.412256],[46.60918,48.573877],[46.702637,48.805566],[46.85293,48.969629],[46.962207,49.03833],[47.014258,49.09834],[47.031348,49.150293],[47.018164,49.199902],[46.953418,49.252588],[46.85293,49.303857],[46.802051,49.36709],[46.823145,49.502246],[46.889551,49.696973],[46.991992,49.852734],[47.12959,49.939062],[47.24834,50.000879],[47.295215,50.058496],[47.297656,50.140234],[47.294727,50.21748],[47.326465,50.273535],[47.376367,50.318115],[47.429199,50.357959],[47.503613,50.402734],[47.599609,50.413574],[47.705762,50.377979],[47.849609,50.282324],[48.060742,50.093604],[48.181348,49.97002],[48.224805,49.931934],[48.334961,49.858252],[48.434277,49.828516],[48.6,49.874707],[48.758984,49.92832],[48.810254,49.962402],[48.843262,50.013135],[48.817969,50.099854],[48.784766,50.156445],[48.749414,50.228467],[48.700488,50.35376],[48.666016,50.550342],[48.625098,50.612695],[48.655176,50.619873],[48.734766,50.606885],[48.808398,50.601318],[48.91377,50.64458],[49.058691,50.726074],[49.323438,50.851709],[49.379492,50.934668],[49.424609,51.027002],[49.498047,51.083594],[49.666309,51.102295],[49.822266,51.131885],[49.932324,51.197168],[50.104883,51.25459],[50.246875,51.289502],[50.309277,51.321582],[50.353711,51.369727],[50.516309,51.505615],[50.643945,51.58916],[50.756152,51.675146],[50.793945,51.729199],[50.882422,51.719189],[51.017871,51.681641],[51.163477,51.647461],[51.269922,51.594482],[51.290723,51.540186],[51.301074,51.497412],[51.344531,51.475342],[51.395996,51.471289],[51.473438,51.482031],[51.609082,51.483984],[51.775391,51.554248],[52.007129,51.672705],[52.219141,51.709375],[52.331055,51.681299],[52.423047,51.594238],[52.496191,51.512158],[52.571191,51.481641],[52.617773,51.480762],[52.635156,51.479541],[52.728125,51.498145],[52.735059,51.4979],[52.820508,51.49458],[52.902637,51.466943],[53.038379,51.463721],[53.227344,51.484961],[53.247266,51.493604],[53.338086,51.482373],[53.448633,51.444531],[53.534668,51.399561],[53.688086,51.251807],[53.776465,51.213721],[53.956836,51.161182],[54.041504,51.115186],[54.139746,51.040771],[54.191113,50.995703],[54.297852,50.914062],[54.421484,50.780322],[54.443359,50.673926],[54.471484,50.583789],[54.517383,50.541162],[54.555273,50.535791],[54.596191,50.550684],[54.636133,50.591602],[54.65,50.660156],[54.637891,50.781055],[54.60625,50.879883],[54.565625,50.911279],[54.546094,50.946045],[54.572949,50.990234],[54.641602,51.011572],[54.727148,50.998096],[54.867969,50.941357],[55.014844,50.869775],[55.195215,50.744727],[55.361133,50.665283],[55.542285,50.601807],[55.68623,50.582861],[55.797656,50.602051],[55.929199,50.65376],[56.049707,50.713525],[56.104492,50.77627],[56.143945,50.844629],[56.325586,50.936084],[56.491406,51.019531],[56.566895,51.004492],[56.620215,50.980859],[56.790332,51.031592],[56.849609,51.045557],[57.011719,51.065186],[57.179004,51.036035],[57.3125,50.946533],[57.442188,50.888867],[57.557813,50.895557],[57.653809,50.925146],[57.716992,50.980957],[57.764844,51.046875],[57.828906,51.089014],[57.838867,51.09165],[58.045117,51.068848],[58.174707,51.072266],[58.188477,51.081738],[58.35918,51.063818],[58.547461,50.971045],[58.664551,50.868311],[58.814063,50.737207],[58.883691,50.694434],[58.984863,50.676123],[59.064355,50.668213],[59.170898,50.6479],[59.452344,50.62041],[59.495117,50.604297],[59.523926,50.582812],[59.497852,50.511084],[59.523047,50.492871],[59.751172,50.543945],[59.812402,50.582031],[59.887793,50.690186],[59.955176,50.799268],[60.005273,50.839697],[60.058594,50.850293],[60.112109,50.83418],[60.186719,50.769775],[60.288086,50.70415],[60.424805,50.67915],[60.508496,50.669189],[60.637988,50.663721],[60.942285,50.695508],[61.226855,50.774805],[61.389453,50.861035],[61.465039,50.990234],[61.512207,51.137012],[61.585059,51.229687],[61.554688,51.324609],[61.411328,51.414746],[61.363086,51.441895],[61.014844,51.492383],[60.993359,51.528711],[60.973535,51.537061],[60.630371,51.616943],[60.464746,51.651172],[60.418359,51.703906],[60.3875,51.772998],[60.280371,51.834619],[60.06748,51.890625],[60.030273,51.933252],[60.065527,51.976465],[60.233691,52.024512],[60.425488,52.125586],[60.499316,52.146338],[60.670313,52.15083],[60.828418,52.233398],[60.937598,52.280566],[60.994531,52.336865],[60.979492,52.394775],[60.821289,52.569824],[60.774414,52.675781],[60.802344,52.744727],[60.893262,52.819434],[60.944727,52.860156],[61.006543,52.93335],[61.047461,52.972461],[61.206934,52.989062],[61.400781,52.995996],[61.533594,52.978516],[61.719336,52.969385],[61.888574,52.955908],[61.974219,52.94375],[62.037109,52.966113],[62.082715,53.00542],[62.081055,53.057422],[62.014648,53.107861],[61.766211,53.173926],[61.659863,53.228467],[61.576172,53.222461],[61.436816,53.239404],[61.310938,53.275195],[61.199219,53.287158],[61.162793,53.336768],[61.185938,53.406201],[61.228906,53.445898],[61.311621,53.465723],[61.400977,53.455811],[61.498535,53.484668],[61.526563,53.501562],[61.534961,53.523291],[61.519141,53.554492],[61.474121,53.580273],[61.409961,53.587061],[61.336133,53.565186],[61.247949,53.550977],[61.098535,53.583105],[60.979492,53.621729],[60.985547,53.657422],[61.073535,53.710449],[61.113184,53.753467],[61.113184,53.812988],[61.113184,53.882471],[61.14375,53.963818],[61.231055,54.019482],[61.333691,54.049268],[61.598145,53.994922],[61.928711,53.946484],[61.985645,53.954395],[62.002344,53.979932],[62.040234,54.002637],[62.499023,54.013184],[62.588281,54.044434],[62.632715,54.069287],[63.073926,54.105225],[63.126563,54.139258],[63.191309,54.171045],[63.292676,54.170459],[63.413672,54.183203],[63.582031,54.221924],[63.701367,54.243213],[63.721191,54.24502],[63.84707,54.236475],[64.003906,54.26709],[64.037402,54.279736],[64.062891,54.30293],[64.199414,54.347412],[64.46123,54.38418],[64.525098,54.362158],[64.649902,54.352246],[64.809277,54.368555],[64.926758,54.396631],[64.99541,54.36875],[65.088379,54.340186],[65.157813,54.364404],[65.192188,54.441113],[65.237402,54.516064],[65.315918,54.551562],[65.378125,54.564453],[65.434375,54.593311],[65.476953,54.623291],[65.707813,54.618701],[65.914258,54.693311],[65.954688,54.659521],[66.222656,54.667383],[66.555371,54.71543],[66.754492,54.737891],[67.09834,54.788184],[67.257324,54.828809],[67.484668,54.854492],[67.693359,54.872412],[67.829883,54.943555],[67.939941,54.953711],[68.073828,54.95957],[68.155859,54.976709],[68.209375,55.003027],[68.244043,55.052441],[68.225293,55.115234],[68.20625,55.160937],[68.301953,55.186523],[68.438477,55.194434],[68.524805,55.204834],[68.712891,55.308496],[68.842969,55.35835],[68.977246,55.3896],[69.246973,55.37251],[69.493262,55.356885],[69.740234,55.307373],[69.870215,55.245654],[69.981738,55.199072],[70.087402,55.176758],[70.182422,55.162451],[70.293359,55.183594],[70.371484,55.212256],[70.417188,55.253174],[70.486328,55.282373],[70.738086,55.305176],[70.790332,55.261133],[70.910156,55.127979],[70.991797,54.950488],[71.12627,54.715039],[71.185547,54.599316],[71.15918,54.538623],[71.159766,54.45542],[71.152148,54.364062],[71.052734,54.260498],[71.093164,54.212207],[71.336426,54.15835],[71.677148,54.178027],[71.887402,54.221484],[72.004492,54.205664],[72.065625,54.231641],[72.105371,54.308447],[72.186035,54.325635],[72.269141,54.272119],[72.329492,54.181445],[72.387305,54.123047],[72.383008,54.053662],[72.404297,53.964453],[72.446777,53.941846],[72.530273,53.975781],[72.585938,53.995947],[72.599219,54.023047],[72.575586,54.056494],[72.564258,54.09043],[72.582715,54.121582],[72.622266,54.134326],[72.741016,54.124512],[72.914062,54.107324],[73.119336,53.980762],[73.229883,53.957812],[73.276563,53.955615],[73.380664,53.962842],[73.505664,53.999316],[73.589941,54.044971],[73.617969,54.067383],[73.666406,54.063477],[73.712402,54.042383],[73.715527,53.996191],[73.678906,53.929443],[73.554199,53.868311],[73.399414,53.811475],[73.305664,53.707227],[73.285742,53.598389],[73.326855,53.543164],[73.361914,53.506201],[73.371875,53.454395],[73.406934,53.447559],[73.469922,53.468896],[73.642969,53.57627],[73.731152,53.602783],[73.858984,53.619727],[74.068652,53.611426],[74.209961,53.576465],[74.277344,53.527734],[74.351562,53.487646],[74.402734,53.504443],[74.429297,53.550732],[74.430469,53.603711],[74.451953,53.647266],[74.681445,53.754395],[74.83418,53.825684],[74.886816,53.834033],[74.988965,53.819238],[75.052148,53.826709],[75.220215,53.893799],[75.377051,53.970117],[75.392383,54.021729],[75.398145,54.068506],[75.437207,54.089648],[75.656836,54.106006],[75.692871,54.114795],[75.880664,54.167969],[76.140527,54.258545],[76.266602,54.311963],[76.496484,54.335693],[76.53916,54.351074],[76.615527,54.387109],[76.759375,54.436865],[76.837305,54.442383],[76.788965,54.321875],[76.703027,54.182471],[76.65459,54.145264],[76.42168,54.151514],[76.42207,54.113525],[76.458594,54.055273],[76.484766,54.022559],[76.513086,53.993213],[76.575684,53.942529],[76.820703,53.822656],[77.132422,53.670117],[77.469238,53.498779],[77.704395,53.37915],[77.799414,53.317432],[77.859961,53.269189],[78.033496,53.094971],[78.198047,52.929688],[78.475488,52.638428],[78.721484,52.357031],[78.99209,52.047412],[79.14873,51.868115],[79.468848,51.493115],[79.554297,51.377979],[79.716406,51.16001],[79.859668,50.955469],[79.98623,50.774561],[80.065918,50.758203],[80.07207,50.807275],[80.086328,50.83999],[80.127246,50.85835],[80.220215,50.911768],[80.27041,50.924609],[80.345215,50.919092],[80.423633,50.946289],[80.452246,50.997607],[80.433594,51.092627],[80.421484,51.136377],[80.448047,51.18335],[80.491016,51.201758],[80.550684,51.216602],[80.605469,51.224219],[80.650488,51.277344],[80.735254,51.293408],[80.813086,51.283496],[80.877344,51.281445],[80.934082,51.242773],[80.965625,51.189795],[81.026758,51.185693],[81.127246,51.191064],[81.141016,51.146582],[81.112402,51.072363],[81.077539,51.014941],[81.071484,50.96875],[81.124609,50.946289],[81.319141,50.966406],[81.388281,50.956494],[81.410156,50.909766],[81.437695,50.871045],[81.451563,50.823682],[81.431445,50.771143],[81.465918,50.739844],[81.633887,50.739111],[81.752051,50.764404],[81.933691,50.766357],[82.098047,50.71084],[82.211914,50.719434],[82.326367,50.741895],[82.493945,50.727588],[82.611719,50.771484],[82.692969,50.826318],[82.718555,50.869482],[82.76084,50.893359],[82.919043,50.893115],[83.019238,50.897266],[83.092773,50.960596],[83.160254,50.989209],[83.27373,50.99458],[83.357324,50.99458],[83.581445,50.935742],[83.717773,50.887158],[83.859766,50.818018],[83.945117,50.774658],[84.002344,50.676855],[84.099316,50.604736],[84.175977,50.520557],[84.194531,50.437451],[84.257812,50.288232],[84.323242,50.23916],[84.400977,50.23916],[84.499023,50.21875],[84.607324,50.202393],[84.838965,50.091309],[84.924023,50.087988],[84.989453,50.061426],[84.999707,50.010303],[84.975195,49.951074],[85.000781,49.894141],[85.076465,49.821631],[85.136523,49.750732],[85.210156,49.664844],[85.232617,49.61582],[85.291895,49.599463],[85.371582,49.623926],[85.498438,49.605371],[85.880469,49.556543],[85.933594,49.550439],[85.974414,49.499316],[86.02959,49.503418],[86.092969,49.505469],[86.180859,49.499316],[86.242188,49.546338],[86.292383,49.5875],[86.417969,49.638477],[86.522266,49.707764],[86.610156,49.769141],[86.675488,49.777295],[86.728711,49.748682],[86.730664,49.695557],[86.665332,49.656689],[86.614258,49.609717],[86.626465,49.562695],[86.714355,49.558594],[86.812109,49.487891],[86.95293,49.32207],[87.000977,49.287305],[87.070605,49.25459],[87.148047,49.239795],[87.233691,49.216162],[87.296875,49.147656],[87.322852,49.085791],[87.22998,49.105859],[87.048535,49.109912],[86.937988,49.097559],[86.885938,49.090576],[86.808301,49.049707],[86.753125,49.008838],[86.728613,48.939355],[86.757812,48.860742],[86.717969,48.697168],[86.66377,48.635547],[86.549414,48.528613],[86.483301,48.505371],[86.372559,48.48623],[86.265625,48.454541],[86.056152,48.42373],[85.829883,48.408057],[85.749414,48.385059],[85.692187,48.311816],[85.651563,48.250537],[85.626367,48.204004],[85.562305,48.051855],[85.525977,47.915625],[85.561621,47.746484],[85.588281,47.558496],[85.586621,47.493652],[85.641797,47.397412],[85.669824,47.338379],[85.656641,47.254639],[85.577246,47.188477],[85.529688,47.100781],[85.484766,47.063525],[85.355371,47.046729],[85.233496,47.036377],[85.110547,46.96123],[85.012207,46.909229],[84.858203,46.843164],[84.786133,46.830713],[84.745996,46.864355],[84.719531,46.939355],[84.666602,46.972363],[84.592285,46.974951],[84.532422,46.975781],[84.338867,46.996143],[84.215137,46.994727],[84.12207,46.978613],[84.016016,46.970508],[83.832617,46.997852],[83.713965,47.021045],[83.634082,47.043213],[83.443555,47.108643],[83.193066,47.186572],[83.090332,47.209375],[83.029492,47.185937],[83.020117,47.141455],[83.004102,47.033496],[82.974902,46.966016],[82.8,46.624463],[82.692187,46.38667],[82.555078,46.158691],[82.511719,46.005811],[82.429688,45.811914],[82.348145,45.671533],[82.315234,45.594922],[82.312207,45.563721],[82.32666,45.519922],[82.45166,45.471973],[82.58252,45.442578],[82.611621,45.424268],[82.625781,45.374414],[82.621094,45.293115],[82.596973,45.215967],[82.558984,45.15542],[82.521484,45.125488],[82.478711,45.123584],[82.39668,45.162451],[82.323438,45.205859],[82.266602,45.219092],[82.122754,45.194873],[81.989258,45.161865],[81.944922,45.16084],[81.86748,45.18208],[81.789648,45.226025],[81.758887,45.31084],[81.691992,45.349365],[81.602051,45.31084],[81.334766,45.246191],[81.040332,45.169141],[80.85332,45.129297],[80.780078,45.135547],[80.634766,45.126514],[80.50918,45.10498],[80.414941,45.075098],[80.228223,45.033984],[80.05918,45.006445],[79.950195,44.944092],[79.871875,44.883789],[79.875293,44.86084],[79.932129,44.825195],[79.997168,44.797217],[80.127832,44.80376],[80.255078,44.808105],[80.36084,44.770312],[80.455469,44.746094],[80.481543,44.714648],[80.455469,44.684082],[80.400586,44.676904],[80.381445,44.65542],[80.391016,44.626807],[80.355078,44.552002],[80.336328,44.438379],[80.354883,44.326514],[80.365332,44.223291],[80.358984,44.171289],[80.355273,44.097266],[80.395801,44.047168],[80.431543,43.951758],[80.495996,43.89209],[80.593457,43.685107],[80.650781,43.56416],[80.703809,43.427051],[80.66543,43.352979],[80.667773,43.310059],[80.729785,43.274268],[80.757031,43.204346],[80.785742,43.161572],[80.777734,43.118945],[80.751172,43.10249],[80.616992,43.128271],[80.507031,43.085791],[80.390234,43.043115],[80.374512,43.02041],[80.371289,42.995605],[80.383398,42.973779],[80.450684,42.935547],[80.54375,42.911719],[80.538965,42.873486],[80.424023,42.855762],[80.250293,42.797266],[80.202246,42.734473],[80.165039,42.665527],[80.161914,42.625537],[80.179297,42.518359],[80.205762,42.399414],[80.255078,42.27417],[80.259082,42.2354],[80.233008,42.207812],[80.209375,42.190039],[80.071289,42.302979],[79.921094,42.413135],[79.803418,42.438477],[79.598437,42.456641],[79.490137,42.457568],[79.428223,42.483496],[79.367773,42.547217],[79.295508,42.604834],[79.203027,42.666016],[79.164844,42.759033],[79.12666,42.775732],[79.059863,42.763818],[78.947949,42.766699],[78.885156,42.774902],[78.791504,42.79082],[78.642285,42.828711],[78.524219,42.864648],[78.375977,42.871484],[78.290039,42.864355],[78.023145,42.85752],[77.80166,42.895215],[77.622461,42.902246],[77.512207,42.900049],[77.459277,42.904736],[77.368555,42.904443],[77.235547,42.912646],[77.057324,42.970654],[76.988086,42.973584],[76.944043,42.971484],[76.646484,42.928809],[76.50918,42.918896],[76.218164,42.92373],[75.932227,42.928516],[75.840332,42.9375],[75.789551,42.93291],[75.681738,42.830469],[75.635645,42.8146],[75.366211,42.836963],[75.047656,42.904395],[74.817578,42.978174],[74.622266,43.056201],[74.363867,43.179443],[74.209082,43.240381],[74.186816,43.205273],[74.145898,43.194092],[74.08623,43.188623],[73.949219,43.19502],[73.886035,43.132568],[73.718555,43.087891],[73.612012,43.0479],[73.55625,43.002783],[73.450195,42.703027],[73.421875,42.593506],[73.492969,42.409033],[73.411621,42.419775],[73.316016,42.466992],[73.28291,42.504102],[73.19082,42.526855],[72.855078,42.561133],[72.792383,42.603467],[72.75293,42.637891],[72.666113,42.6604],[72.543164,42.677734],[72.275781,42.757666],[72.161816,42.760693],[71.816797,42.822168],[71.760547,42.821484],[71.734766,42.818896],[71.600781,42.778662],[71.514258,42.766943],[71.42207,42.783154],[71.256641,42.733545],[71.167383,42.667432],[71.093555,42.586523],[71.022754,42.535449],[71.001953,42.459082],[70.952344,42.419385],[70.892871,42.33999],[70.892871,42.293701],[70.946777,42.248682]]]]}},{"type":"Feature","properties":{"name":"Jordan","turkey":false},"geometry":{"type":"MultiPolygon","coordinates":[[[[35.787305,32.734912],[35.894727,32.71377],[35.956445,32.666699],[36.059473,32.533789],[36.219727,32.495117],[36.284277,32.457471],[36.37207,32.386914],[36.479199,32.361328],[36.818359,32.317285],[37.088965,32.465527],[37.317578,32.590771],[37.577441,32.733057],[37.754102,32.829834],[38.055762,32.994873],[38.254297,33.099219],[38.515625,33.236621],[38.773535,33.372217],[38.84502,33.150879],[38.914844,32.934668],[38.987402,32.710693],[39.057813,32.493164],[38.981641,32.472559],[39.041406,32.305664],[39.140039,32.331201],[39.247461,32.350977],[39.292773,32.243848],[39.14541,32.124512],[38.99707,32.007471],[38.962305,31.994922],[38.769629,31.946484],[38.375488,31.847461],[38.111426,31.781152],[37.773828,31.696338],[37.493359,31.625879],[37.215625,31.556104],[36.958594,31.491504],[37.105273,31.355176],[37.329492,31.146826],[37.479004,31.007764],[37.655469,30.828955],[37.812988,30.669287],[37.980078,30.5],[37.862891,30.442627],[37.669727,30.348145],[37.649902,30.330957],[37.633594,30.313281],[37.553613,30.14458],[37.490723,30.011719],[37.469238,29.995068],[37.199414,29.946289],[36.927051,29.89707],[36.755273,29.866016],[36.703906,29.831641],[36.591797,29.666113],[36.476074,29.495117],[36.282813,29.355371],[36.068457,29.200537],[36.01543,29.190479],[35.860352,29.214258],[35.595313,29.254883],[35.33916,29.294092],[35.16377,29.320947],[34.950781,29.353516],[34.982227,29.484473],[34.973438,29.555029],[35.023926,29.787061],[35.053418,29.896924],[35.068164,29.977881],[35.141602,30.141699],[35.132617,30.195312],[35.148145,30.384326],[35.140625,30.420898],[35.174023,30.523926],[35.236621,30.673486],[35.297852,30.802246],[35.320117,30.860205],[35.383008,30.982275],[35.439258,31.132422],[35.409668,31.214453],[35.400684,31.230518],[35.423535,31.324854],[35.422852,31.325391],[35.450586,31.479297],[35.46543,31.562354],[35.499414,31.672363],[35.558984,31.765527],[35.531445,31.984912],[35.534766,32.103027],[35.57207,32.237891],[35.551465,32.395508],[35.569043,32.619873],[35.572852,32.640869],[35.594531,32.668018],[35.61123,32.68208],[35.734473,32.728906],[35.787305,32.734912]]]]}},{"type":"Feature","properties":{"name":"Israel","turkey":false},"geometry":{"type":"MultiPolygon","coordinates":[[[[35.840723,33.415674],[35.816125,33.361879],[35.792531,33.334107],[35.785024,33.291089],[35.800038,33.256121],[35.808618,33.208577],[35.826849,33.195117],[35.833283,33.163702],[35.817197,33.133173],[35.824704,33.108024],[35.84508,33.084665],[35.859022,32.989367],[35.887977,32.944379],[35.841863,32.875954],[35.833283,32.820094],[35.787305,32.734912],[35.734473,32.728906],[35.61123,32.68208],[35.594531,32.668018],[35.572852,32.640869],[35.569043,32.619873],[35.551465,32.395508],[35.484375,32.40166],[35.402637,32.450635],[35.386719,32.493018],[35.362109,32.507471],[35.303809,32.512939],[35.193262,32.534424],[35.065039,32.460449],[35.010547,32.338184],[34.999512,32.281055],[34.955957,32.160937],[34.971387,32.087109],[34.978809,31.991602],[34.989746,31.913281],[34.97832,31.866406],[34.953809,31.84126],[34.961133,31.82334],[34.983008,31.816797],[35.053223,31.837939],[35.127148,31.816748],[35.198047,31.776318],[35.203711,31.75],[35.153418,31.734473],[35.034668,31.673242],[34.950977,31.602295],[34.929199,31.536572],[34.872754,31.396875],[34.880469,31.368164],[34.907813,31.351318],[35.101172,31.366211],[35.27666,31.422803],[35.408691,31.48291],[35.450586,31.479297],[35.422852,31.325391],[35.423535,31.324854],[35.400684,31.230518],[35.409668,31.214453],[35.439258,31.132422],[35.383008,30.982275],[35.320117,30.860205],[35.297852,30.802246],[35.236621,30.673486],[35.174023,30.523926],[35.140625,30.420898],[35.148145,30.384326],[35.132617,30.195312],[35.141602,30.141699],[35.068164,29.977881],[35.053418,29.896924],[35.023926,29.787061],[34.973438,29.555029],[34.904297,29.477344],[34.869824,29.563916],[34.791113,29.812109],[34.735059,29.982031],[34.658594,30.191455],[34.529688,30.446045],[34.517773,30.507373],[34.489941,30.596289],[34.400977,30.827832],[34.328516,30.99502],[34.245313,31.208301],[34.34834,31.29292],[34.350195,31.362744],[34.525586,31.525635],[34.524121,31.54165],[34.477344,31.584863],[34.483984,31.592285],[34.678418,31.895703],[34.803809,32.196338],[34.921875,32.614062],[35.005859,32.826611],[35.077051,32.967187],[35.108594,33.083691],[35.22334,33.091992],[35.308887,33.079541],[35.41123,33.075684],[35.493164,33.119482],[35.53252,33.250488],[35.579297,33.271484],[35.60293,33.240625],[35.627246,33.275049],[35.734473,33.332617],[35.7875,33.369775],[35.840723,33.415674]]]]}},{"type":"Feature","properties":{"name":"Iraq","turkey":false},"geometry":{"type":"MultiPolygon","coordinates":[[[[42.358984,37.108594],[42.455859,37.128711],[42.635449,37.249268],[42.741113,37.361914],[42.774609,37.371875],[42.869141,37.334912],[42.936621,37.324756],[43.09248,37.367383],[43.185156,37.344873],[43.263086,37.316504],[43.306738,37.314648],[43.51582,37.244531],[43.567969,37.23584],[43.675781,37.227246],[43.836426,37.223535],[43.940039,37.269287],[44.013184,37.313525],[44.064648,37.312451],[44.114453,37.301855],[44.15625,37.282959],[44.191797,37.249854],[44.208398,37.202637],[44.20166,37.051807],[44.21748,37.011865],[44.245703,36.983301],[44.281836,36.978027],[44.325586,37.010742],[44.401953,37.058496],[44.495996,37.110547],[44.566016,37.158252],[44.605957,37.176025],[44.669336,37.173584],[44.730957,37.165283],[44.765137,37.142432],[44.76543,37.13501],[44.798438,37.063867],[44.880859,36.799316],[44.927832,36.765918],[44.981445,36.737695],[45.019238,36.698389],[45.033984,36.658887],[45.029395,36.597559],[45.031055,36.526074],[45.053125,36.471631],[45.083789,36.430029],[45.112402,36.409277],[45.155273,36.407373],[45.206543,36.397168],[45.241113,36.355957],[45.350879,36.054639],[45.361621,36.015332],[45.407715,36.002783],[45.483789,36.008545],[45.561621,35.977197],[45.64502,35.928369],[45.723438,35.83667],[45.776367,35.821826],[45.941406,35.8354],[46.16748,35.820557],[46.273438,35.773242],[46.2625,35.744141],[46.180957,35.711377],[46.037402,35.673145],[45.99502,35.608105],[45.971094,35.52417],[45.975391,35.476807],[46.010645,35.424805],[46.112109,35.32168],[46.117773,35.284277],[46.135742,35.232275],[46.154688,35.196729],[46.133789,35.127637],[46.041797,35.080176],[45.920898,35.028516],[45.678125,34.798437],[45.660059,34.748779],[45.661523,34.612695],[45.6375,34.573828],[45.56084,34.574512],[45.500781,34.581592],[45.497754,34.533887],[45.459375,34.470361],[45.437598,34.415137],[45.526855,34.284668],[45.542773,34.215527],[45.528613,34.152539],[45.446094,34.044043],[45.39707,33.97085],[45.408984,33.954492],[45.473242,33.925488],[45.67373,33.68667],[45.738281,33.602832],[45.822852,33.624805],[45.854492,33.62334],[45.879395,33.609766],[45.894727,33.581543],[45.894727,33.545654],[45.873242,33.491992],[45.981055,33.470117],[46.019922,33.415723],[46.145898,33.229639],[46.141113,33.174414],[46.080762,33.086523],[46.080469,33.028223],[46.093066,32.975879],[46.112793,32.957666],[46.298242,32.950244],[46.377051,32.929248],[46.569922,32.833936],[46.789062,32.687988],[46.968555,32.568408],[47.121387,32.466602],[47.285156,32.474023],[47.329785,32.455518],[47.371289,32.42373],[47.418164,32.340088],[47.511914,32.15083],[47.591504,32.087988],[47.714551,31.936426],[47.82998,31.794434],[47.753906,31.601367],[47.679492,31.400586],[47.679492,31.141504],[47.679492,31.002393],[47.836328,30.996436],[48.010645,30.989795],[48.012012,30.823633],[48.013477,30.656445],[48.014941,30.465625],[48.066113,30.457666],[48.147559,30.416846],[48.182422,30.355029],[48.226172,30.321338],[48.278906,30.31582],[48.331055,30.285449],[48.382617,30.230176],[48.401367,30.18833],[48.387598,30.159863],[48.398633,30.109619],[48.43457,30.037598],[48.478516,30.003809],[48.546484,29.962354],[48.454199,29.938477],[48.35459,29.956738],[48.141699,30.040918],[48.072754,30.043213],[47.98252,30.011328],[47.978711,29.982812],[47.753906,30.076611],[47.672754,30.095605],[47.64375,30.097314],[47.514844,30.096484],[47.331348,30.079687],[47.223242,30.041504],[47.148242,30.000977],[47.114355,29.961328],[47.102051,29.93999],[47.043652,29.822998],[46.975977,29.672852],[46.905859,29.5375],[46.769336,29.347461],[46.69375,29.259668],[46.531445,29.09624],[46.356445,29.063672],[45.949707,29.09585],[45.498926,29.131543],[45.050293,29.16709],[44.716504,29.193604],[44.69082,29.202344],[44.360742,29.435254],[44.099609,29.619336],[43.77373,29.849219],[43.44082,30.083984],[43.103125,30.322217],[42.857715,30.495215],[42.559766,30.717773],[42.288574,30.92041],[42.074414,31.080371],[41.799707,31.220361],[41.585059,31.329736],[41.272461,31.489014],[41.022461,31.616357],[40.808398,31.725439],[40.478906,31.893359],[40.369336,31.938965],[40.027832,31.99502],[39.704102,32.042529],[39.368652,32.091748],[39.14541,32.124512],[39.292773,32.243848],[39.247461,32.350977],[39.140039,32.331201],[39.041406,32.305664],[38.981641,32.472559],[39.057813,32.493164],[38.987402,32.710693],[38.914844,32.934668],[38.84502,33.150879],[38.773535,33.372217],[39.056738,33.514014],[39.268359,33.62002],[39.564453,33.768359],[39.85,33.911377],[40.121973,34.047656],[40.421484,34.197754],[40.689453,34.332031],[40.935059,34.386572],[40.987012,34.429053],[41.099023,34.612305],[41.194727,34.768994],[41.199219,34.805322],[41.199609,35.027393],[41.216406,35.288184],[41.24834,35.42749],[41.30332,35.550635],[41.354102,35.64043],[41.359375,35.724609],[41.352637,35.809961],[41.300195,35.938965],[41.245605,36.073389],[41.251758,36.203027],[41.261816,36.272461],[41.295996,36.38335],[41.354199,36.464404],[41.416797,36.514648],[41.650195,36.566406],[41.788574,36.597168],[41.974023,36.74082],[42.083984,36.826025],[42.237305,36.961133],[42.350098,37.060596],[42.359082,37.09502],[42.358984,37.108594]]]]}},{"type":"Feature","properties":{"name":"Iran","turkey":false},"geometry":{"type":"MultiPolygon","coordinates":[[[[53.91416,37.343555],[54.191602,37.332471],[54.299805,37.353613],[54.458691,37.407568],[54.578906,37.440234],[54.639648,37.444727],[54.699414,37.470166],[54.745215,37.501904],[54.848633,37.722656],[54.900098,37.77793],[55.075586,37.90249],[55.224707,37.981348],[55.380859,38.051123],[55.578418,38.099756],[55.841309,38.094629],[56.050293,38.077539],[56.171191,38.078369],[56.228809,38.073389],[56.27207,38.08042],[56.296973,38.094824],[56.324121,38.191113],[56.366895,38.22251],[56.440625,38.249414],[56.544043,38.249609],[56.669922,38.256641],[56.774609,38.250049],[56.906641,38.213037],[57.079004,38.209961],[57.193555,38.216406],[57.260156,38.17959],[57.308105,38.130371],[57.331445,38.089307],[57.336719,38.03291],[57.335742,37.989941],[57.353711,37.97334],[57.423828,37.947705],[57.520996,37.928467],[57.710547,37.905273],[57.888184,37.86084],[57.980566,37.830469],[58.108789,37.783057],[58.261621,37.66582],[58.318164,37.647217],[58.386719,37.635352],[58.435742,37.638525],[58.550488,37.688184],[58.650195,37.651562],[58.700781,37.65625],[58.81543,37.683496],[58.937207,37.649658],[59.24082,37.520752],[59.274121,37.52373],[59.301758,37.510645],[59.326953,37.481152],[59.344727,37.444727],[59.367383,37.33374],[59.45498,37.252832],[59.562207,37.178906],[59.687207,37.138477],[59.948633,37.041602],[60.062793,36.962891],[60.17832,36.829443],[60.320703,36.653564],[60.341309,36.637646],[60.70791,36.642969],[61.119629,36.642578],[61.169922,36.572266],[61.160352,36.432715],[61.175098,36.289697],[61.212012,36.190527],[61.212402,36.099121],[61.182617,36.052832],[61.159473,35.999902],[61.15293,35.976758],[61.205859,35.943701],[61.252148,35.867627],[61.258691,35.761816],[61.235547,35.705566],[61.238867,35.659277],[61.262012,35.61958],[61.281836,35.553418],[61.278516,35.51377],[61.245508,35.474072],[61.225684,35.424463],[61.199219,35.361621],[61.189258,35.312012],[61.139648,35.288867],[61.1,35.272314],[61.106641,35.209473],[61.126465,35.156543],[61.149609,35.09375],[61.123145,35.050732],[61.106641,35.001123],[61.070215,34.921729],[61.080078,34.855615],[61.04043,34.799365],[60.99082,34.749756],[60.957813,34.710059],[60.951172,34.653857],[60.914746,34.633984],[60.845313,34.587695],[60.802344,34.554639],[60.739453,34.544727],[60.72627,34.518262],[60.736133,34.491797],[60.762598,34.475244],[60.803906,34.418018],[60.889453,34.319434],[60.642676,34.307178],[60.570215,34.219629],[60.485742,34.094775],[60.527051,33.841992],[60.485938,33.711914],[60.51084,33.638916],[60.573828,33.58833],[60.65459,33.5604],[60.806445,33.558691],[60.906934,33.538965],[60.916992,33.505225],[60.859277,33.45625],[60.766895,33.363818],[60.718066,33.323535],[60.560547,33.137842],[60.561914,33.058789],[60.576563,32.994873],[60.644531,32.794385],[60.710449,32.6],[60.829297,32.249414],[60.827246,32.167969],[60.789941,31.987109],[60.7875,31.877197],[60.804297,31.734473],[60.791602,31.660596],[60.820703,31.495166],[60.854102,31.483252],[61.110742,31.451123],[61.346484,31.421631],[61.660156,31.382422],[61.755078,31.285303],[61.814258,31.072559],[61.81084,30.913281],[61.78418,30.831934],[61.559473,30.599365],[61.331641,30.363721],[61.104102,30.128418],[60.843359,29.858691],[61.03418,29.663428],[61.152148,29.542725],[61.318359,29.372607],[61.339453,29.331787],[61.337891,29.26499],[61.508594,29.006055],[61.56875,28.870898],[61.623047,28.791602],[61.758008,28.667676],[61.889844,28.546533],[62.033008,28.491016],[62.130566,28.478809],[62.353027,28.414746],[62.433887,28.363867],[62.564551,28.235156],[62.717578,28.252783],[62.749414,28.252881],[62.758008,28.243555],[62.7625,28.202051],[62.739746,28.002051],[62.782324,27.800537],[62.812012,27.497021],[62.800879,27.444531],[62.764258,27.356738],[62.7625,27.300195],[62.752734,27.265625],[62.762988,27.250195],[62.811621,27.229443],[62.91543,27.218408],[63.166797,27.25249],[63.196094,27.243945],[63.25625,27.20791],[63.301563,27.151465],[63.305176,27.124561],[63.24209,27.077686],[63.231445,26.998145],[63.250391,26.879248],[63.241602,26.864746],[63.186133,26.837598],[63.168066,26.665576],[63.157813,26.649756],[63.092969,26.632324],[62.786621,26.643896],[62.751563,26.63916],[62.636426,26.593652],[62.439258,26.561035],[62.385059,26.542627],[62.312305,26.490869],[62.259668,26.42749],[62.249609,26.369238],[62.239355,26.357031],[62.125977,26.368994],[62.089063,26.318262],[61.869824,26.242432],[61.842383,26.225928],[61.809961,26.165283],[61.780762,25.99585],[61.754395,25.843359],[61.737695,25.821094],[61.668652,25.768994],[61.661816,25.75127],[61.671387,25.692383],[61.640137,25.584619],[61.61543,25.286133],[61.587891,25.202344],[61.533105,25.195508],[61.490332,25.153662],[61.412207,25.1021],[61.242969,25.141992],[61.108594,25.183887],[60.663867,25.282227],[60.615137,25.329834],[60.5875,25.413525],[60.510547,25.437061],[60.400195,25.311572],[60.024707,25.384131],[59.89707,25.361816],[59.818359,25.400879],[59.616016,25.403271],[59.456055,25.481494],[59.227246,25.427734],[59.046094,25.417285],[58.797852,25.55459],[58.530859,25.592432],[58.314258,25.580859],[58.20293,25.591602],[58.022363,25.64082],[57.936621,25.69165],[57.796094,25.653027],[57.73252,25.724902],[57.33457,25.791553],[57.260938,25.918848],[57.205566,26.037207],[57.201367,26.158838],[57.104297,26.371436],[57.071973,26.680078],[57.036035,26.800684],[56.982227,26.905469],[56.910449,26.99458],[56.812891,27.08999],[56.728125,27.127686],[56.356152,27.200244],[56.284375,27.190625],[56.118066,27.143115],[55.941113,27.037598],[55.650293,26.977539],[55.591602,26.932129],[55.518555,26.829932],[55.424023,26.770557],[55.294141,26.785937],[55.15459,26.725391],[54.895801,26.556689],[54.759277,26.505078],[54.644922,26.508936],[54.52207,26.58916],[54.24707,26.696631],[54.069336,26.732373],[53.822559,26.707715],[53.705762,26.725586],[53.507129,26.851758],[53.45498,26.943262],[53.341699,27.004492],[52.98252,27.141943],[52.691602,27.323389],[52.638184,27.391992],[52.602637,27.493359],[52.475879,27.616504],[52.191895,27.717285],[52.030762,27.824414],[51.841992,27.848242],[51.666309,27.844971],[51.589063,27.864209],[51.518555,27.91001],[51.278906,28.131348],[51.276074,28.218848],[51.128418,28.435156],[51.093848,28.512109],[51.062012,28.726123],[51.021191,28.78208],[50.866992,28.870166],[50.842969,28.927832],[50.875781,29.004395],[50.875781,29.062695],[50.795508,29.117432],[50.675195,29.146582],[50.646094,29.212207],[50.667969,29.339844],[50.649609,29.420068],[50.543555,29.547998],[50.386914,29.679053],[50.230176,29.8729],[50.168945,29.92124],[50.128906,30.048096],[50.071582,30.198535],[49.983105,30.209375],[49.554883,30.028955],[49.42998,30.130469],[49.054297,30.306934],[49.028125,30.333447],[49.001953,30.373926],[49.049023,30.397266],[49.096191,30.406787],[49.190332,30.375391],[49.247266,30.4125],[49.224512,30.472314],[49.130371,30.509424],[49.001953,30.506543],[49.037109,30.450488],[48.916797,30.397266],[48.891211,30.327637],[48.908691,30.241455],[48.919141,30.120898],[48.870117,30.062402],[48.832422,30.035498],[48.670898,30.02832],[48.595508,29.975049],[48.546484,29.962354],[48.478516,30.003809],[48.43457,30.037598],[48.398633,30.109619],[48.387598,30.159863],[48.401367,30.18833],[48.382617,30.230176],[48.331055,30.285449],[48.278906,30.31582],[48.226172,30.321338],[48.182422,30.355029],[48.147559,30.416846],[48.066113,30.457666],[48.014941,30.465625],[48.013477,30.656445],[48.012012,30.823633],[48.010645,30.989795],[47.836328,30.996436],[47.679492,31.002393],[47.679492,31.141504],[47.679492,31.400586],[47.753906,31.601367],[47.82998,31.794434],[47.714551,31.936426],[47.591504,32.087988],[47.511914,32.15083],[47.418164,32.340088],[47.371289,32.42373],[47.329785,32.455518],[47.285156,32.474023],[47.121387,32.466602],[46.968555,32.568408],[46.789062,32.687988],[46.569922,32.833936],[46.377051,32.929248],[46.298242,32.950244],[46.112793,32.957666],[46.093066,32.975879],[46.080469,33.028223],[46.080762,33.086523],[46.141113,33.174414],[46.145898,33.229639],[46.019922,33.415723],[45.981055,33.470117],[45.873242,33.491992],[45.894727,33.545654],[45.894727,33.581543],[45.879395,33.609766],[45.854492,33.62334],[45.822852,33.624805],[45.738281,33.602832],[45.67373,33.68667],[45.473242,33.925488],[45.408984,33.954492],[45.39707,33.97085],[45.446094,34.044043],[45.528613,34.152539],[45.542773,34.215527],[45.526855,34.284668],[45.437598,34.415137],[45.459375,34.470361],[45.497754,34.533887],[45.500781,34.581592],[45.56084,34.574512],[45.6375,34.573828],[45.661523,34.612695],[45.660059,34.748779],[45.678125,34.798437],[45.920898,35.028516],[46.041797,35.080176],[46.133789,35.127637],[46.154688,35.196729],[46.135742,35.232275],[46.117773,35.284277],[46.112109,35.32168],[46.010645,35.424805],[45.975391,35.476807],[45.971094,35.52417],[45.99502,35.608105],[46.037402,35.673145],[46.180957,35.711377],[46.2625,35.744141],[46.273438,35.773242],[46.16748,35.820557],[45.941406,35.8354],[45.776367,35.821826],[45.723438,35.83667],[45.64502,35.928369],[45.561621,35.977197],[45.483789,36.008545],[45.407715,36.002783],[45.361621,36.015332],[45.350879,36.054639],[45.241113,36.355957],[45.206543,36.397168],[45.155273,36.407373],[45.112402,36.409277],[45.083789,36.430029],[45.053125,36.471631],[45.031055,36.526074],[45.029395,36.597559],[45.033984,36.658887],[45.019238,36.698389],[44.981445,36.737695],[44.927832,36.765918],[44.880859,36.799316],[44.798438,37.063867],[44.76543,37.13501],[44.765137,37.142432],[44.766699,37.156348],[44.758301,37.21709],[44.796777,37.269775],[44.794141,37.290381],[44.715137,37.357129],[44.604102,37.42373],[44.574023,37.4354],[44.573145,37.506396],[44.577148,37.560205],[44.567188,37.608643],[44.546094,37.636328],[44.545313,37.658154],[44.589941,37.710352],[44.56123,37.744629],[44.397754,37.829248],[44.33623,37.871777],[44.222949,37.880176],[44.211328,37.908057],[44.228906,37.967187],[44.267969,38.038818],[44.329395,38.109277],[44.348926,38.146484],[44.372754,38.209717],[44.380859,38.25459],[44.449609,38.317773],[44.449902,38.334229],[44.430859,38.356787],[44.375781,38.36958],[44.319629,38.374707],[44.298535,38.386279],[44.29082,38.420117],[44.297852,38.557812],[44.280176,38.640674],[44.257031,38.700635],[44.27168,38.836035],[44.232422,38.863232],[44.170801,38.934375],[44.144531,38.994385],[44.158789,39.016748],[44.171875,39.05625],[44.180566,39.108057],[44.178027,39.144824],[44.121289,39.180615],[44.079102,39.218311],[44.074316,39.259961],[44.05752,39.31084],[44.033789,39.351025],[44.023242,39.377441],[44.043945,39.392969],[44.124023,39.405225],[44.24043,39.396777],[44.335449,39.396045],[44.389355,39.422119],[44.455957,39.666748],[44.516699,39.73125],[44.587109,39.768555],[44.725,39.681738],[44.782129,39.651074],[44.817188,39.650439],[44.838184,39.629102],[45.000195,39.423535],[45.07168,39.362891],[45.113086,39.311572],[45.141211,39.254297],[45.190625,39.215625],[45.255957,39.194678],[45.335547,39.13916],[45.389258,39.095898],[45.479688,39.00625],[45.575,38.972803],[45.921875,38.90791],[46.114453,38.877783],[46.170117,38.869043],[46.317773,38.912646],[46.490625,38.906689],[46.554785,38.904395],[46.783203,39.087402],[46.852539,39.148438],[46.988867,39.180176],[47.06543,39.252881],[47.188379,39.340967],[47.338477,39.423877],[47.476172,39.49834],[47.581836,39.543359],[47.772852,39.648584],[47.892285,39.685059],[47.995898,39.683936],[48.151074,39.560547],[48.281738,39.44834],[48.322168,39.399072],[48.257227,39.35498],[48.136035,39.312354],[48.112891,39.281104],[48.104395,39.241113],[48.10918,39.202832],[48.125488,39.171631],[48.274121,39.099121],[48.291016,39.059277],[48.29209,39.018848],[48.275098,38.993604],[48.241992,38.978955],[48.138574,38.958643],[48.050098,38.93501],[48.019336,38.911816],[47.992676,38.884277],[47.996484,38.85376],[48.023242,38.819043],[48.204688,38.724121],[48.225195,38.689209],[48.261328,38.642285],[48.305566,38.613477],[48.38125,38.605615],[48.417383,38.58623],[48.592676,38.411084],[48.635547,38.39873],[48.840332,38.437256],[48.86875,38.435498],[48.870703,38.392529],[48.901367,38.143652],[48.925098,38.015137],[48.959961,37.890137],[49.015332,37.776074],[49.080957,37.667578],[49.171191,37.600586],[49.372461,37.519971],[49.470117,37.49668],[49.726953,37.480518],[49.980664,37.444873],[50.130469,37.407129],[50.17627,37.380518],[50.214063,37.3396],[50.337891,37.14917],[50.533203,37.013672],[50.927441,36.810205],[51.118555,36.742578],[51.762012,36.614502],[52.190137,36.621729],[53.374121,36.86875],[53.767676,36.930322],[53.91543,36.930322],[53.827441,36.881201],[53.679492,36.853125],[53.76875,36.818457],[53.90625,36.812695],[53.970117,36.818311],[54.016211,36.849658],[54.023828,36.901318],[54.017188,36.95249],[53.951953,37.181738],[53.91416,37.343555]]]]}},{"type":"Feature","properties":{"name":"Greece","turkey":false},"geometry":{"type":"MultiPolygon","coordinates":[[[[27.860156,36.553906],[27.838281,36.537988],[27.788086,36.583691],[27.785742,36.60752],[27.836816,36.634863],[27.8625,36.641162],[27.869824,36.62251],[27.869043,36.582666],[27.860156,36.553906]]],[[[23.41543,38.958643],[23.471973,38.850098],[23.525,38.813477],[23.63623,38.770215],[23.688477,38.764697],[23.878223,38.686572],[24.099023,38.670996],[24.127539,38.648486],[24.154688,38.588281],[24.199707,38.541016],[24.211035,38.504248],[24.1875,38.463428],[24.220117,38.338623],[24.275781,38.22002],[24.359668,38.1625],[24.463965,38.145117],[24.563281,38.14751],[24.588379,38.123975],[24.578516,38.020166],[24.536523,37.979736],[24.502344,37.969922],[24.472656,37.980518],[24.445801,38.00498],[24.416504,38.016553],[24.359473,38.018555],[24.317773,38.060352],[24.212012,38.117529],[24.192578,38.15166],[24.189063,38.204297],[24.144141,38.243066],[24.102832,38.316846],[24.063574,38.337207],[24.041895,38.374121],[24.040137,38.38999],[23.88623,38.400732],[23.758789,38.401221],[23.650781,38.443066],[23.617383,38.552539],[23.55332,38.581982],[23.505273,38.612939],[23.465234,38.655859],[23.364063,38.73501],[23.252148,38.801221],[23.143945,38.844824],[23.029102,38.873389],[22.935742,38.839648],[22.881348,38.847656],[22.870313,38.870508],[22.986328,38.915918],[23.145801,39.002686],[23.258203,39.031348],[23.312695,39.034912],[23.41543,38.958643]]],[[[24.674707,38.809229],[24.569043,38.784814],[24.541016,38.788672],[24.564551,38.819434],[24.566406,38.832373],[24.461035,38.888623],[24.473438,38.96167],[24.485645,38.980273],[24.564063,38.942236],[24.58125,38.878857],[24.674707,38.809229]]],[[[24.774219,40.615186],[24.645898,40.579443],[24.515527,40.647021],[24.516699,40.687207],[24.585547,40.76875],[24.62334,40.79292],[24.719141,40.786279],[24.773633,40.730273],[24.786328,40.703857],[24.768652,40.658887],[24.774219,40.615186]]],[[[27.176074,35.465283],[27.137891,35.409082],[27.099121,35.456445],[27.11582,35.511133],[27.070703,35.597754],[27.156055,35.72627],[27.158008,35.788672],[27.223145,35.820459],[27.207031,35.714453],[27.157227,35.629492],[27.208887,35.558936],[27.233594,35.478564],[27.176074,35.465283]]],[[[27.019727,36.959033],[26.919922,36.945215],[26.937695,37.024609],[26.888672,37.087256],[26.966602,37.0521],[27.016016,37.009668],[27.040137,37.001562],[27.03457,36.975977],[27.019727,36.959033]]],[[[26.949609,36.7271],[26.918359,36.725928],[26.955566,36.774219],[27.061133,36.840381],[27.214941,36.898633],[27.265625,36.905127],[27.352148,36.868896],[27.193164,36.809131],[27.150977,36.777588],[27.033594,36.770752],[26.949609,36.7271]]],[[[25.545898,36.967578],[25.456738,36.929688],[25.395898,36.984375],[25.361914,37.07041],[25.525293,37.196387],[25.564355,37.185107],[25.587891,37.152539],[25.584277,37.039307],[25.545898,36.967578]]],[[[25.278906,37.068408],[25.199414,36.991309],[25.133301,36.999658],[25.105469,37.034961],[25.146484,37.107422],[25.235059,37.148535],[25.275293,37.137842],[25.271484,37.08418],[25.278906,37.068408]]],[[[25.482422,36.392627],[25.435938,36.340088],[25.370508,36.358936],[25.397168,36.378955],[25.412891,36.404883],[25.414648,36.442285],[25.396875,36.465332],[25.408984,36.47373],[25.467383,36.435059],[25.482422,36.392627]]],[[[25.381738,36.674023],[25.364355,36.65835],[25.288672,36.721533],[25.259961,36.758447],[25.295898,36.78916],[25.406934,36.717334],[25.381738,36.674023]]],[[[26.824414,37.811426],[26.947363,37.778467],[26.981543,37.781982],[27.039648,37.77002],[27.055078,37.709277],[26.978125,37.700488],[26.844922,37.644727],[26.788281,37.656982],[26.720508,37.705469],[26.612891,37.710498],[26.581055,37.72373],[26.638672,37.780859],[26.743359,37.809766],[26.824414,37.811426]]],[[[26.029297,37.529395],[25.982422,37.525586],[25.996777,37.565576],[26.086328,37.634912],[26.211523,37.638281],[26.325586,37.673047],[26.351367,37.674316],[26.296875,37.61958],[26.204883,37.568506],[26.029297,37.529395]]],[[[25.859375,36.79043],[25.771094,36.782227],[25.743164,36.789746],[25.796777,36.807031],[25.834375,36.825391],[25.852441,36.847559],[25.941992,36.886572],[26.000684,36.937402],[26.064453,36.902734],[25.984668,36.879687],[25.859375,36.79043]]],[[[26.460645,36.5854],[26.381641,36.561523],[26.331445,36.511377],[26.27002,36.546924],[26.269824,36.59541],[26.337012,36.580566],[26.38418,36.607861],[26.37002,36.638574],[26.421289,36.624219],[26.460645,36.5854]]],[[[24.355957,37.576855],[24.288965,37.528271],[24.277441,37.601123],[24.32041,37.677734],[24.379102,37.682715],[24.400781,37.649023],[24.355957,37.576855]]],[[[24.435742,37.344434],[24.378906,37.314111],[24.397754,37.383447],[24.369727,37.419629],[24.394824,37.450391],[24.43125,37.475195],[24.448535,37.449561],[24.481445,37.408008],[24.435742,37.344434]]],[[[24.535742,36.76377],[24.5375,36.705029],[24.530664,36.683984],[24.325977,36.655615],[24.344922,36.722998],[24.357422,36.744287],[24.425195,36.712939],[24.450195,36.728955],[24.460352,36.747461],[24.535742,36.76377]]],[[[24.942871,37.493506],[24.937891,37.389697],[24.911523,37.390576],[24.896191,37.406592],[24.895313,37.446338],[24.906543,37.508887],[24.942871,37.493506]]],[[[24.991699,37.759619],[24.962207,37.692383],[24.884082,37.770508],[24.798535,37.824023],[24.766504,37.870703],[24.714355,37.898877],[24.700195,37.96167],[24.763379,37.9875],[24.79043,37.990137],[24.855078,37.913672],[24.956348,37.904785],[24.948438,37.857666],[24.980469,37.796924],[24.991699,37.759619]]],[[[25.255859,37.599609],[25.21875,37.535107],[25.156348,37.545068],[25.051953,37.614453],[25.016309,37.645947],[24.996484,37.676904],[25.039355,37.680664],[25.091797,37.647998],[25.225391,37.630664],[25.255859,37.599609]]],[[[24.720898,36.921436],[24.702637,36.91709],[24.676465,36.959277],[24.670996,36.998584],[24.681445,37.021631],[24.716113,37.023828],[24.763184,36.949219],[24.720898,36.921436]]],[[[26.094043,38.218066],[25.998535,38.161523],[25.891895,38.243311],[25.874316,38.269629],[25.952637,38.302637],[25.991406,38.353516],[25.959961,38.416016],[25.85127,38.508398],[25.846094,38.574023],[26.0125,38.601709],[26.110449,38.544629],[26.160352,38.540723],[26.141211,38.486182],[26.149609,38.468457],[26.157031,38.30293],[26.110742,38.279639],[26.103125,38.23418],[26.094043,38.218066]]],[[[26.410156,39.329443],[26.392773,39.270117],[26.531055,39.171777],[26.578223,39.109521],[26.595605,39.048828],[26.583984,39.031445],[26.531543,39.064355],[26.488672,39.074805],[26.503125,39.031445],[26.547168,38.994141],[26.46875,38.972803],[26.390137,38.973926],[26.16084,39.025879],[26.10791,39.081055],[26.245117,39.164111],[26.273145,39.197559],[26.175977,39.194287],[26.072363,39.095605],[25.90625,39.138965],[25.855469,39.178662],[25.844141,39.200049],[25.90957,39.287549],[26.026465,39.284619],[26.088379,39.304297],[26.164844,39.331982],[26.16543,39.373535],[26.347754,39.383008],[26.410156,39.329443]]],[[[25.685742,40.426562],[25.572656,40.400439],[25.448047,40.482812],[25.568555,40.515869],[25.624316,40.491992],[25.664258,40.463867],[25.685742,40.426562]]],[[[25.437695,39.983301],[25.399902,39.949561],[25.37207,39.891309],[25.357031,39.808105],[25.29873,39.806104],[25.263379,39.822949],[25.251758,39.854395],[25.249414,39.894141],[25.223828,39.892578],[25.203223,39.849414],[25.185156,39.829932],[25.126465,39.82583],[25.062207,39.852393],[25.065234,39.909863],[25.052344,39.976367],[25.058008,39.999658],[25.23418,40.00542],[25.285742,39.956299],[25.348047,39.984766],[25.373633,40.015527],[25.449121,40.034814],[25.437695,39.983301]]],[[[25.402734,37.419141],[25.307129,37.412988],[25.312695,37.489307],[25.348145,37.50918],[25.462988,37.471094],[25.457422,37.44707],[25.402734,37.419141]]],[[[24.523535,37.125098],[24.486523,37.110059],[24.424805,37.131982],[24.441211,37.186865],[24.483789,37.210205],[24.529102,37.192334],[24.535938,37.167676],[24.523535,37.125098]]],[[[27.842773,35.929297],[27.770605,35.908301],[27.745703,35.911035],[27.715527,35.957324],[27.757324,36.069189],[27.718652,36.141113],[27.716309,36.171582],[27.774414,36.21377],[27.815234,36.276953],[27.914453,36.345312],[28.171484,36.426221],[28.231836,36.433643],[28.230078,36.370264],[28.144043,36.209863],[28.067676,36.129687],[28.087793,36.065332],[27.965527,36.04751],[27.842773,35.929297]]],[[[23.852246,35.535449],[23.920605,35.528174],[24.013281,35.529443],[24.034375,35.5354],[24.093359,35.593848],[24.166016,35.595215],[24.197754,35.537451],[24.124023,35.51084],[24.108984,35.495801],[24.123145,35.483643],[24.178516,35.459521],[24.255371,35.468604],[24.257715,35.423145],[24.274902,35.385986],[24.312891,35.363818],[24.354004,35.359473],[24.444922,35.366016],[24.53457,35.380762],[24.626953,35.409912],[24.721289,35.424805],[25.003125,35.409863],[25.104297,35.346924],[25.296777,35.339355],[25.475684,35.306201],[25.569629,35.328076],[25.730176,35.348584],[25.755859,35.326367],[25.735156,35.184033],[25.74502,35.142725],[25.791309,35.122852],[25.837109,35.132568],[25.893359,35.179199],[26.028027,35.215283],[26.167871,35.215088],[26.285547,35.309766],[26.320215,35.315137],[26.298633,35.268604],[26.280859,35.159229],[26.255566,35.095166],[26.244336,35.044678],[26.165625,35.018604],[26.04668,35.01416],[25.829688,35.025195],[25.610938,35.007324],[25.205762,34.959277],[24.799805,34.934473],[24.745215,34.950635],[24.743945,35.014355],[24.735156,35.058301],[24.708887,35.089062],[24.583398,35.115332],[24.463672,35.160352],[23.994336,35.221924],[23.883594,35.246094],[23.703906,35.233496],[23.638086,35.235156],[23.592773,35.257227],[23.561621,35.295166],[23.547559,35.415576],[23.569824,35.534766],[23.608691,35.56626],[23.626563,35.530371],[23.672656,35.513916],[23.71543,35.550146],[23.715039,35.604736],[23.736914,35.655518],[23.770801,35.634229],[23.793359,35.556201],[23.852246,35.535449]]],[[[26.320898,41.716553],[26.410547,41.696338],[26.4625,41.663379],[26.49502,41.633252],[26.544531,41.607227],[26.581348,41.60127],[26.609766,41.512158],[26.624902,41.401758],[26.602344,41.35415],[26.536426,41.343115],[26.330664,41.23877],[26.325684,41.143262],[26.328418,41.097021],[26.332617,41.064307],[26.354102,41.036768],[26.354102,40.99707],[26.331055,40.954492],[26.241211,40.883203],[26.178906,40.826514],[26.10918,40.749658],[26.069727,40.740283],[26.038965,40.726758],[26.010742,40.769141],[25.855664,40.844092],[25.496777,40.887793],[25.325293,40.943115],[25.250098,40.932812],[25.104492,40.994727],[25.004688,40.967529],[24.792969,40.85752],[24.678711,40.869482],[24.556543,40.935596],[24.477051,40.947754],[24.383789,40.912744],[24.234375,40.786133],[24.082324,40.724072],[23.946094,40.74834],[23.762793,40.747803],[23.743262,40.677002],[23.778711,40.627979],[23.878906,40.544385],[23.831934,40.481543],[23.866797,40.418555],[23.932031,40.405762],[24.030566,40.409326],[24.212793,40.327783],[24.29248,40.241797],[24.343359,40.147705],[24.232422,40.215186],[24.158789,40.280029],[24.056055,40.303564],[23.913184,40.358789],[23.823438,40.368018],[23.72793,40.329736],[23.720508,40.286279],[23.823438,40.205127],[23.917578,40.155225],[23.96748,40.114551],[24.000781,40.024609],[23.981836,39.994043],[23.94707,39.965576],[23.835352,40.022266],[23.664551,40.223828],[23.42627,40.263965],[23.386426,40.221973],[23.433203,40.11543],[23.46709,40.073926],[23.674121,39.958887],[23.65752,39.934473],[23.627344,39.924072],[23.395605,39.989844],[23.328223,40.089941],[23.312012,40.216455],[23.098145,40.304297],[22.896484,40.399902],[22.851367,40.490625],[22.892871,40.524268],[22.922266,40.590869],[22.811426,40.578613],[22.741895,40.536475],[22.629492,40.495557],[22.624902,40.428613],[22.642676,40.366602],[22.605469,40.276416],[22.569336,40.119336],[22.592188,40.036914],[22.835742,39.800586],[22.919043,39.628906],[22.978809,39.563818],[23.103418,39.492041],[23.233398,39.358447],[23.288477,39.288818],[23.327734,39.174902],[23.218359,39.104395],[23.154688,39.101465],[23.119434,39.132764],[23.16875,39.210449],[23.161719,39.257764],[22.992871,39.331055],[22.921387,39.306348],[22.838965,39.258594],[22.886035,39.169971],[22.938965,39.111523],[22.965527,39.030908],[23.066699,39.037939],[22.930469,38.947705],[22.802637,38.901611],[22.676855,38.898926],[22.596777,38.890576],[22.569141,38.86748],[22.634277,38.850684],[22.6875,38.84917],[22.774023,38.800391],[23.020313,38.741895],[23.137695,38.667969],[23.25293,38.66123],[23.368945,38.525537],[23.569629,38.489404],[23.683984,38.352441],[23.836035,38.325488],[23.966992,38.275],[24.005371,38.226807],[24.024512,38.139795],[24.033008,37.955322],[24.061328,37.81792],[24.062305,37.774512],[24.055371,37.709619],[24.019727,37.677734],[23.971582,37.676758],[23.877344,37.777783],[23.732813,37.884082],[23.580469,38.010547],[23.537207,38.032764],[23.501758,38.034863],[23.420215,37.99209],[23.193652,37.959033],[23.087402,37.912842],[23.047461,37.902637],[23.036328,37.878369],[23.086133,37.853125],[23.147168,37.795312],[23.147168,37.71626],[23.197559,37.620215],[23.262695,37.59541],[23.347559,37.597559],[23.396191,37.579785],[23.408789,37.541553],[23.458105,37.496924],[23.490625,37.463867],[23.489258,37.440186],[23.252539,37.377295],[23.203027,37.348535],[23.161523,37.333838],[23.1,37.36377],[23.096484,37.440576],[23.015137,37.481787],[22.940527,37.51709],[22.851074,37.532227],[22.775,37.585107],[22.725391,37.542139],[22.765039,37.393311],[22.851074,37.29082],[22.99502,37.015869],[23.060352,36.853516],[23.073535,36.774951],[23.041016,36.644531],[23.111719,36.547607],[23.160156,36.448096],[23.106836,36.451855],[23.060547,36.486963],[22.98291,36.528369],[22.832324,36.687109],[22.779883,36.786182],[22.717188,36.793945],[22.608398,36.779736],[22.489063,36.568164],[22.489453,36.446924],[22.427734,36.475781],[22.374805,36.513574],[22.38125,36.646191],[22.375977,36.701904],[22.231152,36.882568],[22.164746,36.902832],[22.133789,36.963916],[22.080469,37.028955],[22.011719,37.016504],[21.955566,36.990088],[21.940039,36.891797],[21.934277,36.803662],[21.892383,36.737305],[21.738086,36.863232],[21.58291,37.080957],[21.578809,37.200391],[21.69248,37.309277],[21.678906,37.387207],[21.571289,37.541016],[21.416211,37.639941],[21.329297,37.669336],[21.288477,37.774512],[21.205273,37.828857],[21.137988,37.85415],[21.124707,37.891602],[21.14502,37.919287],[21.308105,38.027441],[21.403711,38.19668],[21.451172,38.204736],[21.54873,38.1646],[21.658398,38.175098],[21.748438,38.274219],[21.824707,38.328125],[21.95332,38.321191],[22.24375,38.188721],[22.555859,38.113232],[22.711523,38.046924],[22.799609,37.981201],[22.846387,37.967578],[22.920313,37.958301],[22.916992,38.007471],[22.893164,38.050928],[22.954785,38.074609],[23.12207,38.07334],[23.152539,38.096387],[23.183496,38.133691],[23.148926,38.176074],[23.093555,38.196436],[23.034375,38.2021],[22.99541,38.215527],[22.93252,38.201953],[22.834375,38.234717],[22.783691,38.261719],[22.753906,38.289502],[22.583398,38.344922],[22.42168,38.438525],[22.385254,38.385547],[22.319922,38.356836],[22.226855,38.352832],[21.965332,38.412451],[21.804688,38.366943],[21.71709,38.355029],[21.650098,38.354004],[21.567676,38.333594],[21.472559,38.321387],[21.390137,38.407812],[21.355469,38.474805],[21.331055,38.487305],[21.329785,38.424365],[21.30332,38.373926],[21.182617,38.345557],[21.113184,38.384668],[21.059766,38.503271],[20.992188,38.654004],[20.873242,38.775732],[20.776855,38.80752],[20.768555,38.874414],[20.777344,38.927881],[20.893164,38.941113],[21.074219,38.885156],[21.111621,38.896289],[21.152344,38.92207],[21.144531,38.979199],[21.118359,39.02998],[21.068555,39.032275],[21.034082,39.02627],[20.922754,39.036768],[20.779688,39.008545],[20.713379,39.035156],[20.691309,39.06748],[20.57168,39.147705],[20.468262,39.255273],[20.300781,39.3271],[20.191406,39.545801],[20.099414,39.64126],[20.00127,39.709424],[20.022559,39.710693],[20.059766,39.699121],[20.131055,39.661621],[20.206836,39.653516],[20.248242,39.678369],[20.27207,39.701172],[20.287598,39.738574],[20.293848,39.782227],[20.306152,39.79668],[20.364063,39.791748],[20.382422,39.802637],[20.381641,39.841797],[20.344238,39.890625],[20.311328,39.950781],[20.311133,39.979443],[20.338477,39.991064],[20.383691,40.017187],[20.408008,40.049463],[20.456055,40.065576],[20.527051,40.068506],[20.60625,40.082666],[20.657422,40.117383],[20.664941,40.151758],[20.696973,40.246387],[20.717871,40.292676],[20.75166,40.334912],[20.77002,40.391895],[20.806055,40.445459],[20.881641,40.46792],[20.950195,40.494385],[21.001953,40.563379],[21.030859,40.622461],[21.031055,40.658643],[20.987891,40.717773],[20.955762,40.775293],[20.964258,40.849902],[21.1,40.856152],[21.147559,40.863135],[21.32373,40.867139],[21.404102,40.907178],[21.459668,40.903613],[21.575781,40.868945],[21.627539,40.896338],[21.779492,40.950439],[21.929492,41.107422],[21.993359,41.130957],[22.138867,41.140527],[22.184473,41.158643],[22.237695,41.155176],[22.400781,41.123389],[22.493555,41.118506],[22.603613,41.140186],[22.724805,41.178516],[22.755078,41.312744],[22.783887,41.331982],[22.859277,41.337354],[22.916016,41.336279],[23.025586,41.325635],[23.155957,41.32207],[23.239844,41.384961],[23.37207,41.389648],[23.433398,41.39873],[23.53584,41.386035],[23.635156,41.386768],[23.762305,41.412988],[23.880859,41.455957],[23.973535,41.452295],[24.011328,41.460059],[24.03291,41.469092],[24.056055,41.527246],[24.230371,41.530811],[24.289453,41.525049],[24.386719,41.523535],[24.487891,41.555225],[24.518262,41.552539],[24.569336,41.467383],[24.595996,41.442725],[24.651074,41.419971],[24.77373,41.356104],[24.795801,41.3729],[24.846875,41.394238],[24.993555,41.36499],[25.133398,41.315771],[25.251172,41.243555],[25.381934,41.264355],[25.527051,41.299805],[25.621484,41.310107],[25.723926,41.315039],[25.784961,41.33042],[25.92334,41.311914],[26.066406,41.350684],[26.135352,41.385742],[26.155176,41.434863],[26.143555,41.521533],[26.11123,41.608203],[26.076953,41.640186],[26.066016,41.673242],[26.085547,41.70415],[26.107422,41.725684],[26.200586,41.743799],[26.320898,41.716553]]]]}},{"type":"Feature","properties":{"name":"Georgia","turkey":false},"geometry":{"type":"MultiPolygon","coordinates":[[[[43.439453,41.107129],[43.441602,41.125977],[43.433398,41.155518],[43.402344,41.176562],[43.358984,41.190137],[43.279297,41.185205],[43.205469,41.19917],[43.152832,41.236426],[43.141016,41.264844],[43.171289,41.287939],[43.149023,41.307129],[43.057129,41.352832],[42.906738,41.466846],[42.82168,41.492383],[42.787891,41.563721],[42.754102,41.578906],[42.682422,41.585742],[42.606836,41.578809],[42.59043,41.570703],[42.567383,41.559277],[42.50791,41.470068],[42.466406,41.439844],[42.364355,41.454004],[42.27998,41.475],[42.211133,41.486719],[42.077734,41.494092],[41.925781,41.495654],[41.823535,41.432373],[41.779395,41.440527],[41.701758,41.471582],[41.576563,41.497314],[41.510059,41.51748],[41.701758,41.70542],[41.758789,41.817139],[41.760742,41.884863],[41.762988,41.97002],[41.663281,42.146875],[41.577734,42.397852],[41.48877,42.659326],[41.419434,42.737646],[41.128711,42.828125],[41.061621,42.930859],[40.836621,43.063477],[40.524023,43.121045],[40.462109,43.145703],[40.190625,43.312402],[39.97832,43.419824],[40.02373,43.484863],[40.08457,43.553125],[40.150195,43.569775],[40.342285,43.542725],[40.518945,43.512012],[40.648047,43.533887],[40.80166,43.479932],[40.941992,43.418066],[41.083105,43.374463],[41.358203,43.333398],[41.460742,43.276318],[41.580566,43.219238],[42.05,43.190137],[42.087793,43.199121],[42.122266,43.207324],[42.279688,43.228076],[42.419043,43.224219],[42.566016,43.155127],[42.660254,43.159082],[42.760645,43.16958],[42.890039,43.132617],[42.991602,43.091504],[43.000195,43.049658],[43.08916,42.989062],[43.347949,42.89668],[43.557813,42.844482],[43.623047,42.807715],[43.782617,42.747021],[43.79873,42.727783],[43.79541,42.702979],[43.749902,42.65752],[43.738379,42.616992],[43.759863,42.593848],[43.825977,42.571533],[43.957422,42.566553],[44.004688,42.595605],[44.102734,42.616357],[44.199707,42.653613],[44.329492,42.703516],[44.505859,42.748633],[44.576465,42.748486],[44.644336,42.734717],[44.691797,42.709619],[44.771094,42.616797],[44.850488,42.746826],[44.870996,42.756396],[44.943359,42.730273],[45.071582,42.694141],[45.160254,42.675],[45.208203,42.648242],[45.34375,42.529785],[45.562891,42.535742],[45.655566,42.517676],[45.705273,42.498096],[45.727539,42.475049],[45.688379,42.357373],[45.634277,42.234717],[45.638574,42.205078],[45.726562,42.158887],[45.845996,42.109961],[45.910352,42.070703],[45.954004,42.0354],[46.048438,42.00874],[46.159766,41.992041],[46.212695,41.989893],[46.267773,41.960352],[46.411523,41.904639],[46.429883,41.890967],[46.405469,41.855078],[46.348242,41.790186],[46.302539,41.75708],[46.251855,41.751758],[46.201855,41.736865],[46.184277,41.702148],[46.182129,41.65708],[46.190527,41.624854],[46.203516,41.612598],[46.254688,41.602148],[46.305469,41.507715],[46.384961,41.459863],[46.508789,41.405566],[46.618945,41.34375],[46.672559,41.286816],[46.662402,41.245508],[46.626367,41.159668],[46.534375,41.088574],[46.45791,41.070215],[46.430957,41.077051],[46.380762,41.099316],[46.27998,41.154443],[46.170703,41.197852],[46.086523,41.183838],[46.03125,41.167285],[45.921973,41.186719],[45.792773,41.224414],[45.725488,41.261621],[45.695703,41.289014],[45.715625,41.337646],[45.422266,41.425293],[45.280957,41.449561],[45.217188,41.423193],[45.001367,41.290967],[44.975879,41.27749],[44.811328,41.259375],[44.810938,41.248584],[44.848535,41.220166],[44.841406,41.211377],[44.564844,41.208203],[44.473047,41.191016],[44.227344,41.21333],[44.146484,41.203369],[44.077246,41.18252],[43.90918,41.158984],[43.793164,41.131104],[43.64502,41.11665],[43.491992,41.115527],[43.439453,41.107129]]]]}},{"type":"Feature","properties":{"name":"Northern Cyprus","turkey":false},"geometry":{"type":"MultiPolygon","coordinates":[[[[34.004492,35.065234],[33.965723,35.056787],[33.90332,35.085449],[33.866406,35.093604],[33.832031,35.067187],[33.792285,35.048193],[33.756934,35.039746],[33.725781,35.037305],[33.675391,35.017871],[33.614453,35.022754],[33.525684,35.038672],[33.475781,35.000342],[33.463867,35.004932],[33.455957,35.101416],[33.424219,35.140918],[33.383789,35.162695],[33.325586,35.153613],[33.24834,35.156934],[33.191016,35.173145],[33.077539,35.146191],[32.985938,35.116406],[32.919531,35.087842],[32.869434,35.089404],[32.784082,35.115771],[32.720215,35.145361],[32.712695,35.171045],[32.772363,35.15957],[32.879883,35.180566],[32.926367,35.278076],[32.941602,35.39043],[33.123438,35.358203],[33.307813,35.341504],[33.458789,35.335889],[33.607617,35.35415],[34.063477,35.473975],[34.19248,35.545703],[34.272363,35.569971],[34.411133,35.629297],[34.556055,35.662061],[34.463184,35.593506],[33.941992,35.292041],[33.90791,35.202393],[33.93125,35.140381],[34.004492,35.065234]]]]}},{"type":"Feature","properties":{"name":"Cyprus","turkey":false},"geometry":{"type":"MultiPolygon","coordinates":[[[[32.712695,35.171045],[32.720215,35.145361],[32.784082,35.115771],[32.869434,35.089404],[32.919531,35.087842],[32.985938,35.116406],[33.077539,35.146191],[33.191016,35.173145],[33.24834,35.156934],[33.325586,35.153613],[33.383789,35.162695],[33.424219,35.140918],[33.455957,35.101416],[33.463867,35.004932],[33.475781,35.000342],[33.525684,35.038672],[33.614453,35.022754],[33.675391,35.017871],[33.725781,35.037305],[33.756934,35.039746],[33.792285,35.048193],[33.832031,35.067187],[33.866406,35.093604],[33.90332,35.085449],[33.965723,35.056787],[34.004492,35.065234],[34.023633,35.045557],[34.050195,34.988379],[33.936523,34.971484],[33.822461,34.965918],[33.758984,34.973242],[33.699414,34.969873],[33.514453,34.806445],[33.414941,34.750879],[33.296582,34.717725],[33.176074,34.698047],[33.115527,34.695557],[33.062305,34.674805],[33.024902,34.636914],[33.023926,34.6],[33.00791,34.56958],[32.941797,34.575879],[32.914258,34.635498],[32.867188,34.661133],[32.750098,34.647803],[32.692969,34.649365],[32.505566,34.70625],[32.449023,34.729443],[32.41377,34.778027],[32.317188,34.95332],[32.300977,35.082959],[32.390918,35.049805],[32.475,35.08999],[32.555957,35.155762],[32.652344,35.182666],[32.712695,35.171045]]]]}},{"type":"Feature","properties":{"name":"Bulgaria","turkey":false},"geometry":{"type":"MultiPolygon","coordinates":[[[[28.014453,41.969043],[27.879199,41.986621],[27.831934,41.981299],[27.80166,41.956543],[27.738867,41.961523],[27.661133,41.961328],[27.579883,41.93291],[27.534863,41.920801],[27.474805,41.946875],[27.362891,42.025049],[27.294922,42.079541],[27.244336,42.093262],[27.193359,42.0771],[27.011719,42.058643],[26.96875,42.026855],[26.884863,41.991846],[26.800391,41.975146],[26.679199,41.96333],[26.615332,41.964893],[26.579688,41.947949],[26.549707,41.896729],[26.529297,41.84668],[26.511426,41.826367],[26.360352,41.801562],[26.327246,41.772803],[26.317969,41.744678],[26.320898,41.716553],[26.200586,41.743799],[26.107422,41.725684],[26.085547,41.70415],[26.066016,41.673242],[26.076953,41.640186],[26.11123,41.608203],[26.143555,41.521533],[26.155176,41.434863],[26.135352,41.385742],[26.066406,41.350684],[25.92334,41.311914],[25.784961,41.33042],[25.723926,41.315039],[25.621484,41.310107],[25.527051,41.299805],[25.381934,41.264355],[25.251172,41.243555],[25.133398,41.315771],[24.993555,41.36499],[24.846875,41.394238],[24.795801,41.3729],[24.77373,41.356104],[24.651074,41.419971],[24.595996,41.442725],[24.569336,41.467383],[24.518262,41.552539],[24.487891,41.555225],[24.386719,41.523535],[24.289453,41.525049],[24.230371,41.530811],[24.056055,41.527246],[24.03291,41.469092],[24.011328,41.460059],[23.973535,41.452295],[23.880859,41.455957],[23.762305,41.412988],[23.635156,41.386768],[23.53584,41.386035],[23.433398,41.39873],[23.37207,41.389648],[23.239844,41.384961],[23.155957,41.32207],[23.025586,41.325635],[22.916016,41.336279],[22.929688,41.356104],[22.951465,41.605615],[23.005664,41.716943],[23.003613,41.739844],[22.991992,41.757178],[22.943945,41.775098],[22.90918,41.835205],[22.836816,41.993604],[22.796094,42.025684],[22.682324,42.059131],[22.582715,42.104834],[22.498242,42.165088],[22.344043,42.313965],[22.42207,42.328857],[22.445703,42.359131],[22.523535,42.440967],[22.532422,42.481201],[22.524219,42.503906],[22.47207,42.543311],[22.43623,42.629102],[22.463281,42.709473],[22.465625,42.750781],[22.439258,42.79165],[22.466797,42.84248],[22.522754,42.870312],[22.558105,42.878467],[22.706152,42.883936],[22.799902,42.985742],[22.856836,43.018262],[22.915234,43.075977],[22.942285,43.09707],[22.967969,43.142041],[22.976855,43.187988],[22.85957,43.252344],[22.819727,43.300732],[22.767578,43.35415],[22.696973,43.391064],[22.55459,43.454492],[22.499121,43.518848],[22.474121,43.602246],[22.436328,43.665479],[22.394824,43.706641],[22.386914,43.740137],[22.369629,43.781299],[22.36543,43.862109],[22.399023,43.969531],[22.420801,44.007422],[22.469043,44.018018],[22.597461,44.075293],[22.603418,44.148584],[22.626563,44.194092],[22.66748,44.220215],[22.705078,44.237793],[22.775195,44.195215],[22.94541,44.127295],[23.028516,44.077979],[23.024414,44.047217],[22.985352,44.016992],[22.911328,43.987207],[22.868262,43.9479],[22.856445,43.899023],[22.867676,43.864551],[22.919043,43.834473],[23.224609,43.873877],[23.53457,43.853564],[23.950781,43.78667],[24.226758,43.763477],[24.430566,43.794385],[24.808203,43.738428],[25.159668,43.686328],[25.49707,43.670801],[25.686133,43.711768],[25.818848,43.766846],[25.933398,43.870557],[26.21582,44.007275],[26.489258,44.083984],[26.847754,44.146191],[27.086914,44.167383],[27.120703,44.146143],[27.425391,44.020508],[27.561035,44.020068],[27.670898,43.997803],[27.710742,43.9646],[27.738574,43.956299],[27.884277,43.987354],[27.948926,43.918604],[28.05,43.822412],[28.221973,43.772852],[28.375195,43.744775],[28.423438,43.740479],[28.585352,43.742236],[28.561816,43.501318],[28.46543,43.389307],[28.319629,43.426855],[28.133691,43.395605],[28.035156,43.268262],[27.979297,43.230518],[27.928906,43.186133],[27.896484,43.020703],[27.888867,42.749707],[27.818359,42.71665],[27.753711,42.706543],[27.484766,42.468066],[27.639551,42.400977],[27.708203,42.349951],[27.821387,42.208008],[27.982715,42.047412],[28.014453,41.969043]]]]}},{"type":"Feature","properties":{"name":"Azerbaijan","turkey":false},"geometry":{"type":"MultiPolygon","coordinates":[[[[44.817188,39.650439],[44.783398,39.684668],[44.768262,39.703516],[44.867188,39.719141],[45.031641,39.765137],[45.076465,39.742822],[45.124609,39.696338],[45.148633,39.656592],[45.152832,39.582666],[45.172559,39.570605],[45.252539,39.595459],[45.288281,39.565576],[45.349902,39.529883],[45.456836,39.494482],[45.610742,39.549805],[45.687402,39.564062],[45.750488,39.562939],[45.784473,39.545605],[45.796484,39.488135],[45.78418,39.417236],[45.766309,39.378467],[45.798633,39.350195],[45.925,39.281934],[45.977441,39.243896],[45.951855,39.178125],[46.045898,39.017529],[46.077441,38.954883],[46.114453,38.877783],[45.921875,38.90791],[45.575,38.972803],[45.479688,39.00625],[45.389258,39.095898],[45.335547,39.13916],[45.255957,39.194678],[45.190625,39.215625],[45.141211,39.254297],[45.113086,39.311572],[45.07168,39.362891],[45.000195,39.423535],[44.838184,39.629102],[44.817188,39.650439]]],[[[48.86875,38.435498],[48.840332,38.437256],[48.635547,38.39873],[48.592676,38.411084],[48.417383,38.58623],[48.38125,38.605615],[48.305566,38.613477],[48.261328,38.642285],[48.225195,38.689209],[48.204688,38.724121],[48.023242,38.819043],[47.996484,38.85376],[47.992676,38.884277],[48.019336,38.911816],[48.050098,38.93501],[48.138574,38.958643],[48.241992,38.978955],[48.275098,38.993604],[48.29209,39.018848],[48.291016,39.059277],[48.274121,39.099121],[48.125488,39.171631],[48.10918,39.202832],[48.104395,39.241113],[48.112891,39.281104],[48.136035,39.312354],[48.257227,39.35498],[48.322168,39.399072],[48.281738,39.44834],[48.151074,39.560547],[47.995898,39.683936],[47.892285,39.685059],[47.772852,39.648584],[47.581836,39.543359],[47.476172,39.49834],[47.338477,39.423877],[47.188379,39.340967],[47.06543,39.252881],[46.988867,39.180176],[46.852539,39.148438],[46.783203,39.087402],[46.554785,38.904395],[46.490625,38.906689],[46.486719,38.997461],[46.489844,39.069434],[46.475391,39.110889],[46.401465,39.167676],[46.400293,39.192187],[46.420313,39.207373],[46.477148,39.198193],[46.55,39.201416],[46.584766,39.223682],[46.506641,39.298535],[46.437305,39.348535],[46.378418,39.382275],[46.365234,39.40249],[46.365137,39.416797],[46.377637,39.433887],[46.478125,39.475098],[46.488086,39.512842],[46.481445,39.555176],[46.32168,39.617432],[46.202051,39.594482],[46.094824,39.664453],[46.025879,39.718555],[45.939941,39.776562],[45.863184,39.80835],[45.789648,39.881104],[45.661816,39.956201],[45.579785,39.977539],[45.580957,39.989014],[45.595996,40.002832],[45.630176,40.014209],[45.858105,40.011279],[45.885938,40.024854],[45.900098,40.05708],[45.93125,40.104687],[45.967578,40.174805],[45.964648,40.233789],[45.735742,40.329102],[45.569531,40.416846],[45.454395,40.532373],[45.376172,40.638086],[45.378906,40.673584],[45.401367,40.707129],[45.579395,40.804492],[45.591406,40.829736],[45.5875,40.846924],[45.524023,40.896729],[45.444238,40.947998],[45.419141,40.985693],[45.368945,41.004883],[45.273438,41.00625],[45.106055,41.069336],[45.070508,41.075586],[45.062598,41.088135],[45.070703,41.10083],[45.190234,41.126367],[45.188574,41.147412],[45.152344,41.175146],[45.084766,41.195459],[45.022949,41.245703],[45.001367,41.290967],[45.217188,41.423193],[45.280957,41.449561],[45.422266,41.425293],[45.715625,41.337646],[45.695703,41.289014],[45.725488,41.261621],[45.792773,41.224414],[45.921973,41.186719],[46.03125,41.167285],[46.086523,41.183838],[46.170703,41.197852],[46.27998,41.154443],[46.380762,41.099316],[46.430957,41.077051],[46.45791,41.070215],[46.534375,41.088574],[46.626367,41.159668],[46.662402,41.245508],[46.672559,41.286816],[46.618945,41.34375],[46.508789,41.405566],[46.384961,41.459863],[46.305469,41.507715],[46.254688,41.602148],[46.203516,41.612598],[46.190527,41.624854],[46.182129,41.65708],[46.184277,41.702148],[46.201855,41.736865],[46.251855,41.751758],[46.302539,41.75708],[46.348242,41.790186],[46.405469,41.855078],[46.429883,41.890967],[46.537695,41.87041],[46.552148,41.812305],[46.571289,41.800098],[46.616016,41.806934],[46.690332,41.831348],[46.749316,41.812598],[46.825586,41.743408],[46.930859,41.67041],[46.987793,41.621387],[47.010156,41.5875],[47.063965,41.554688],[47.142578,41.516064],[47.205273,41.455615],[47.261133,41.315088],[47.317676,41.282422],[47.520605,41.229053],[47.591797,41.218115],[47.791016,41.199268],[47.861133,41.212744],[47.963672,41.333984],[48.056055,41.458691],[48.142285,41.484766],[48.298145,41.54502],[48.391406,41.601904],[48.430664,41.66333],[48.518652,41.779346],[48.572852,41.844482],[48.664648,41.786621],[48.823926,41.62959],[49.050879,41.373975],[49.106641,41.301709],[49.143262,41.217773],[49.174707,41.116113],[49.226465,41.026221],[49.456738,40.799854],[49.556152,40.716309],[49.718359,40.608105],[49.775977,40.583984],[49.851758,40.577197],[49.990625,40.576807],[50.119141,40.534521],[50.18252,40.504785],[50.248047,40.461768],[50.306836,40.412207],[50.365918,40.279492],[50.143164,40.323242],[49.918848,40.316406],[49.791992,40.287891],[49.669043,40.249023],[49.551172,40.194141],[49.477344,40.087256],[49.415137,39.839844],[49.324414,39.60835],[49.327539,39.501221],[49.367383,39.398389],[49.362793,39.349561],[49.321191,39.328906],[49.269336,39.285156],[49.199805,39.072656],[49.165332,39.030273],[49.120996,39.003906],[49.108691,39.029053],[49.111328,39.084717],[49.013477,39.133984],[48.961719,39.07876],[48.926172,38.961768],[48.854492,38.838818],[48.850879,38.815332],[48.86875,38.435498]],[[45.552344,40.616064],[45.562305,40.64917],[45.53418,40.664014],[45.504492,40.664844],[45.478809,40.64834],[45.478809,40.606982],[45.514355,40.599561],[45.552344,40.616064]]],[[[45.023633,41.027246],[45.002051,41.01582],[44.969043,41.027246],[44.958887,41.052637],[44.961426,41.079248],[44.994336,41.085596],[45.021094,41.077979],[45.028711,41.053857],[45.023633,41.027246]]]]}},{"type":"Feature","properties":{"name":"Armenia","turkey":false},"geometry":{"type":"MultiPolygon","coordinates":[[[[44.768262,39.703516],[44.733789,39.746484],[44.560449,39.887598],[44.399609,39.995752],[44.289258,40.040381],[44.178027,40.035742],[44.005371,40.014111],[43.941992,40.023145],[43.791699,40.070264],[43.666211,40.126367],[43.683301,40.149658],[43.709863,40.166504],[43.678125,40.239307],[43.608398,40.356592],[43.61582,40.393311],[43.59375,40.444043],[43.569336,40.482373],[43.667871,40.574072],[43.712891,40.647754],[43.722656,40.719531],[43.696484,40.794141],[43.631641,40.929004],[43.591699,40.968213],[43.51748,41.004834],[43.455273,41.064697],[43.439453,41.107129],[43.491992,41.115527],[43.64502,41.11665],[43.793164,41.131104],[43.90918,41.158984],[44.077246,41.18252],[44.146484,41.203369],[44.227344,41.21333],[44.473047,41.191016],[44.564844,41.208203],[44.841406,41.211377],[44.848535,41.220166],[44.810938,41.248584],[44.811328,41.259375],[44.975879,41.27749],[45.001367,41.290967],[45.022949,41.245703],[45.084766,41.195459],[45.152344,41.175146],[45.188574,41.147412],[45.190234,41.126367],[45.070703,41.10083],[45.062598,41.088135],[45.070508,41.075586],[45.106055,41.069336],[45.273438,41.00625],[45.368945,41.004883],[45.419141,40.985693],[45.444238,40.947998],[45.524023,40.896729],[45.5875,40.846924],[45.591406,40.829736],[45.579395,40.804492],[45.401367,40.707129],[45.378906,40.673584],[45.376172,40.638086],[45.454395,40.532373],[45.569531,40.416846],[45.735742,40.329102],[45.964648,40.233789],[45.967578,40.174805],[45.93125,40.104687],[45.900098,40.05708],[45.885938,40.024854],[45.858105,40.011279],[45.630176,40.014209],[45.595996,40.002832],[45.580957,39.989014],[45.579785,39.977539],[45.661816,39.956201],[45.789648,39.881104],[45.863184,39.80835],[45.939941,39.776562],[46.025879,39.718555],[46.094824,39.664453],[46.202051,39.594482],[46.32168,39.617432],[46.481445,39.555176],[46.488086,39.512842],[46.478125,39.475098],[46.377637,39.433887],[46.365137,39.416797],[46.365234,39.40249],[46.378418,39.382275],[46.437305,39.348535],[46.506641,39.298535],[46.584766,39.223682],[46.55,39.201416],[46.477148,39.198193],[46.420313,39.207373],[46.400293,39.192187],[46.401465,39.167676],[46.475391,39.110889],[46.489844,39.069434],[46.486719,38.997461],[46.490625,38.906689],[46.317773,38.912646],[46.170117,38.869043],[46.114453,38.877783],[46.077441,38.954883],[46.045898,39.017529],[45.951855,39.178125],[45.977441,39.243896],[45.925,39.281934],[45.798633,39.350195],[45.766309,39.378467],[45.78418,39.417236],[45.796484,39.488135],[45.784473,39.545605],[45.750488,39.562939],[45.687402,39.564062],[45.610742,39.549805],[45.456836,39.494482],[45.349902,39.529883],[45.288281,39.565576],[45.252539,39.595459],[45.172559,39.570605],[45.152832,39.582666],[45.148633,39.656592],[45.124609,39.696338],[45.076465,39.742822],[45.031641,39.765137],[44.867188,39.719141],[44.768262,39.703516]],[[45.023633,41.027246],[45.028711,41.053857],[45.021094,41.077979],[44.994336,41.085596],[44.961426,41.079248],[44.958887,41.052637],[44.969043,41.027246],[45.002051,41.01582],[45.023633,41.027246]]],[[[45.552344,40.616064],[45.514355,40.599561],[45.478809,40.606982],[45.478809,40.64834],[45.504492,40.664844],[45.53418,40.664014],[45.562305,40.64917],[45.552344,40.616064]]]]}}]}